member_id,week_start,steps,gym_visits,points_earned
M00049,2022-10-10,5511.0,4,134.0
M00978,2022-10-17,8708.0,4,142.0
M00577,2022-03-14,3119.0,0,1.0
M00701,2023-10-09,11327.0,2,9.0
M00521,2022-10-24,8034.0,3,138.0
M00394,2023-08-21,15358.0,2,52.0
M00880,2022-02-21,5765.0,1,55.0
M00395,2022-11-14,8397.0,2,39.0
M00096,2022-08-22,15830.0,1,75.0
M00085,2023-10-23,12071.0,0,91.0
M00036,2023-04-17,15617.0,1,113.0
M00952,2022-04-11,16709.0,4,81.0
M00416,2022-05-02,3029.0,1,130.0
M00595,2022-03-14,3504.0,4,21.0
M00968,2023-09-25,2864.0,4,15.0
M00675,2022-05-09,17038.0,2,123.0
M00726,2023-05-22,12410.0,3,68.0
M00900,2022-06-20,18873.0,2,127.0
M00221,2022-05-30,9127.0,2,85.0
M00830,2023-08-28,11733.0,4,16.0
M00319,2023-03-06,6882.0,3,74.0
M00479,2022-09-12,7935.0,4,43.0
M00392,2022-03-07,5288.0,3,40.0
M00119,2023-07-17,17030.0,1,103.0
M00588,2022-12-26,15754.0,4,2.0
M00069,2023-06-19,12116.0,2,90.0
M00445,2023-04-17,,4,108.0
M00094,2023-10-30,18034.0,0,12.0
M00319,2022-07-11,5836.0,0,145.0
M00317,2022-07-25,19410.0,0,39.0
M00867,2022-11-14,2627.0,2,96.0
M00293,2022-10-03,14283.0,2,119.0
M00766,2022-05-23,7286.0,0,137.0
M00516,2022-04-11,12457.0,2,43.0
M00056,2022-01-17,,2,92.0
M00555,2023-07-17,8425.0,2,135.0
M00277,2023-07-03,19358.0,0,141.0
M00570,2023-11-06,18055.0,1,28.0
M00762,2023-04-24,12376.0,1,134.0
M00144,2022-02-21,7452.0,3,29.0
M00309,2022-02-28,6714.0,4,46.0
M00018,2023-09-18,14887.0,1,119.0
M00825,2022-01-10,10188.0,3,143.0
M00351,2022-09-12,11340.0,1,73.0
M00166,2023-11-27,5578.0,0,28.0
M00891,2022-03-21,5119.0,3,120.0
M00544,2022-05-09,5261.0,0,14.0
M00112,2022-07-04,9790.0,0,50.0
M00225,2022-06-13,18383.0,3,55.0
M00787,2023-04-03,15808.0,3,
M00852,2022-04-18,12935.0,1,63.0
M00816,2022-01-10,15171.0,1,116.0
M00074,2022-05-23,11891.0,4,92.0
M00154,2022-03-07,19926.0,1,1.0
M00110,2023-02-06,15530.0,3,109.0
M00338,2022-04-25,9669.0,1,31.0
M00941,2023-06-12,10609.0,3,110.0
M00507,2022-02-14,7539.0,4,53.0
M00173,2023-05-22,12966.0,3,41.0
M00783,2022-11-14,3184.0,4,8.0
M00996,2022-12-12,7186.0,4,18.0
M00146,2022-03-07,2314.0,4,133.0
M00799,2022-04-18,9445.0,0,97.0
M00399,2022-01-03,16391.0,2,0.0
M00102,2022-02-28,12628.0,3,140.0
M00989,2022-03-28,18976.0,1,5.0
M00527,2023-02-27,9082.0,2,98.0
M00249,2022-11-28,2730.0,2,73.0
M00577,2022-04-18,14814.0,0,30.0
M00485,2023-11-13,5692.0,3,71.0
M00361,2022-10-10,6219.0,3,127.0
M00983,2022-07-25,5142.0,1,38.0
M00174,2023-06-19,11912.0,0,
M00843,2023-05-15,4959.0,2,124.0
M00358,2023-01-16,10519.0,3,30.0
M00912,2022-03-14,8710.0,0,12.0
M00439,2022-12-26,7083.0,4,70.0
M00030,2023-10-23,10646.0,3,50.0
M00477,2023-06-05,11347.0,2,64.0
M00553,2022-11-28,10293.0,4,44.0
M00067,2022-02-14,7993.0,4,112.0
M00488,2023-01-09,8714.0,4,52.0
M00785,2022-01-03,19192.0,2,25.0
M00538,2023-08-28,14225.0,0,109.0
M00118,2022-08-08,3241.0,3,143.0
M00841,2023-03-06,9086.0,0,11.0
M00721,2022-04-11,12607.0,2,15.0
M00357,2023-07-24,11953.0,1,90.0
M00248,2023-10-02,,3,51.0
M00960,2023-02-27,7142.0,3,82.0
M00095,2023-06-26,11280.0,1,75.0
M00314,2023-06-19,3733.0,4,
M00607,2023-01-23,10305.0,3,113.0
M00459,2022-08-22,4587.0,3,57.0
M00102,2022-05-16,11112.0,3,0.0
M00726,2022-06-13,16592.0,2,89.0
M00131,2022-07-11,18287.0,1,87.0
M00376,2022-03-14,19692.0,3,47.0
M00894,2023-10-02,11261.0,1,61.0
M00881,2023-08-21,6747.0,4,131.0
M00412,2022-07-25,6551.0,3,68.0
M00480,2022-09-19,8822.0,0,68.0
M00644,2023-07-17,6507.0,0,51.0
M00936,2023-08-21,19294.0,0,106.0
M00102,2022-01-03,3979.0,0,45.0
M00971,2023-08-07,18934.0,2,144.0
M00057,2023-04-24,5542.0,4,84.0
M00193,2022-08-15,16159.0,3,29.0
M00431,2023-03-27,16807.0,4,32.0
M00767,2022-10-31,12132.0,0,108.0
M00464,2023-03-20,5181.0,4,57.0
M00162,2022-02-28,8953.0,4,105.0
M00941,2022-08-08,16800.0,2,92.0
M00032,2023-01-09,3358.0,0,36.0
M00172,2022-06-27,4893.0,1,14.0
M00097,2023-03-06,19299.0,4,92.0
M00139,2022-10-17,16943.0,4,9.0
M00292,2022-11-28,5644.0,0,
M00141,2022-02-07,18010.0,2,121.0
M00313,2022-07-25,2543.0,3,136.0
M00980,2023-12-25,100000.0,0,19.0
M00665,2022-06-06,17260.0,3,63.0
M00198,2023-12-18,19028.0,1,84.0
M00421,2023-09-11,15546.0,3,119.0
M00858,2022-06-20,17179.0,4,134.0
M00132,2022-03-28,14070.0,2,101.0
M00365,2022-06-20,5832.0,1,63.0
M00538,2022-04-25,2143.0,2,47.0
M00466,2022-07-04,12731.0,2,46.0
M00269,2022-03-14,5296.0,3,66.0
M00072,2022-02-07,3071.0,2,16.0
M00947,2023-07-03,12785.0,1,105.0
M00303,2022-09-12,8548.0,2,125.0
M00381,2023-10-30,15886.0,1,140.0
M00417,2023-09-04,3552.0,4,75.0
M00208,2023-06-05,6336.0,4,26.0
M00170,2023-10-09,13553.0,3,89.0
M00743,2023-05-15,3970.0,0,46.0
M00896,2022-09-12,12600.0,4,114.0
M00287,2023-05-29,8210.0,0,39.0
M00168,2023-02-13,6873.0,1,68.0
M00215,2022-03-07,3028.0,0,99.0
M00116,2022-01-03,14264.0,2,44.0
M00144,2022-12-26,15578.0,1,101.0
M00312,2023-08-28,7878.0,2,79.0
M00330,2022-05-02,4381.0,0,73.0
M00548,2023-08-28,18519.0,2,123.0
M00223,2022-01-31,6614.0,1,36.0
M00236,2023-12-11,13757.0,2,142.0
M00864,2023-10-23,5801.0,0,
M00469,2023-12-18,10476.0,2,8.0
M00848,2023-08-07,9390.0,2,81.0
M00696,2023-10-09,3724.0,3,54.0
M00989,2022-11-28,10568.0,1,136.0
M00242,2022-08-15,2052.0,3,63.0
M00304,2023-01-30,18711.0,0,40.0
M00493,2023-12-18,12580.0,4,14.0
M00720,2023-10-30,2638.0,0,35.0
M00570,2022-06-20,9285.0,0,64.0
M00783,2022-10-31,13445.0,0,32.0
M00968,2023-09-25,6035.0,0,64.0
M00911,2023-08-28,11100.0,3,122.0
M00149,2023-04-03,15221.0,0,133.0
M00576,2023-04-17,2276.0,2,126.0
M00469,2022-06-20,11253.0,0,74.0
M00135,2022-11-07,14248.0,4,90.0
M00820,2022-06-06,7909.0,1,73.0
M00019,2023-11-27,18818.0,3,15.0
M00893,2022-10-10,19651.0,3,106.0
M00598,2023-08-28,11031.0,3,25.0
M00686,2022-08-15,9716.0,3,53.0
M00550,2022-07-11,8887.0,0,91.0
M00141,2022-02-21,16586.0,4,140.0
M00986,2023-11-06,11557.0,0,34.0
M00300,2022-07-18,8988.0,1,28.0
M00406,2023-01-23,8052.0,1,11.0
M00711,2022-04-11,6109.0,0,68.0
M00500,2022-04-11,16609.0,0,31.0
M00035,2022-09-12,16688.0,0,9.0
M00643,2022-05-09,3158.0,4,132.0
M00739,2023-02-13,17305.0,3,26.0
M00367,2022-12-19,14253.0,1,20.0
M00656,2023-08-14,18950.0,1,15.0
M00429,2022-08-29,18510.0,3,28.0
M00656,2023-09-18,13564.0,3,101.0
M00706,2023-10-02,8055.0,1,124.0
M00358,2023-08-21,5683.0,1,70.0
M00849,2022-09-05,5230.0,4,82.0
M00678,2023-01-02,3558.0,1,13.0
M00024,2023-07-10,19122.0,0,40.0
M00982,2022-03-21,12862.0,0,111.0
M00434,2022-07-11,2078.0,3,73.0
M00215,2023-05-08,11972.0,3,72.0
M00364,2022-08-15,5163.0,0,15.0
M00467,2023-09-04,4187.0,3,125.0
M00825,2023-06-05,18650.0,0,111.0
M00236,2023-07-03,10420.0,4,23.0
M00123,2023-07-31,3392.0,3,20.0
M00568,2023-01-16,16785.0,2,118.0
M00598,2023-07-03,7218.0,1,115.0
M00465,2023-05-22,13335.0,0,70.0
M00834,2023-06-19,14062.0,1,134.0
M00078,2022-12-12,18980.0,1,9.0
M00604,2022-07-18,13180.0,3,31.0
M00333,2023-02-06,10920.0,1,61.0
M00248,2022-06-27,9976.0,2,97.0
M00614,2022-06-06,15127.0,3,87.0
M00337,2022-04-25,4624.0,0,119.0
M00073,2022-01-31,10846.0,1,115.0
M00830,2023-02-13,10524.0,1,49.0
M00744,2022-04-18,15657.0,4,40.0
M00526,2023-12-18,16538.0,0,46.0
M00706,2023-10-16,5742.0,4,1.0
M00234,2022-05-23,12327.0,0,3.0
M00188,2022-01-31,12584.0,1,0.0
M00277,2023-02-06,7815.0,1,149.0
M00419,2022-06-27,5868.0,2,10.0
M00542,2022-10-24,2249.0,3,111.0
M00977,2023-10-16,16654.0,2,10.0
M00423,2023-02-13,16624.0,0,108.0
M00025,2023-08-21,18684.0,0,13.0
M00428,2023-02-06,14836.0,0,90.0
M00187,2022-01-10,13956.0,0,86.0
M00743,2022-10-31,16593.0,3,72.0
M00355,2023-06-12,14905.0,1,58.0
M00134,2023-09-25,6317.0,2,145.0
M00131,2022-06-27,6443.0,1,60.0
M00932,2022-10-31,10882.0,4,23.0
M00112,2023-09-11,5918.0,2,26.0
M00879,2022-05-09,19578.0,0,34.0
M00641,2022-12-05,18677.0,0,21.0
M00418,2023-09-25,17908.0,4,10.0
M00577,2023-07-17,14102.0,2,123.0
M00026,2023-01-30,7217.0,3,123.0
M00530,2022-02-07,6147.0,3,104.0
M00932,2022-06-06,16810.0,0,97.0
M00646,2023-07-24,13782.0,0,75.0
M00715,2022-10-24,15045.0,0,
M00766,2022-10-31,8373.0,4,110.0
M00940,2023-04-03,10905.0,4,64.0
M00552,2022-11-07,9723.0,1,145.0
M00030,2022-05-09,18993.0,4,58.0
M00590,2022-01-24,19888.0,2,22.0
M00842,2023-11-06,12814.0,4,97.0
M00761,2023-11-13,13423.0,2,3.0
M00287,2023-10-30,8531.0,3,108.0
M00442,2023-01-30,2150.0,1,39.0
M00439,2023-07-24,12170.0,4,105.0
M00164,2022-02-28,15658.0,3,136.0
M00335,2023-12-04,9585.0,2,140.0
M00414,2022-11-28,3191.0,1,0.0
M00560,2022-09-05,14915.0,3,75.0
M00590,2023-04-10,13186.0,2,137.0
M00623,2022-05-02,9177.0,1,146.0
M00343,2022-10-03,6995.0,0,103.0
M00785,2023-09-11,5409.0,4,21.0
M00283,2023-04-03,2110.0,0,88.0
M00364,2023-03-27,19360.0,0,10.0
M00254,2023-09-04,11626.0,0,74.0
M00447,2022-06-13,9943.0,3,89.0
M00638,2023-01-02,12413.0,0,15.0
M00973,2022-10-17,4133.0,0,127.0
M00398,2023-01-02,16883.0,3,138.0
M00922,2023-12-25,3706.0,4,56.0
M00171,2023-03-06,16242.0,1,64.0
M00203,2023-03-06,18236.0,1,5.0
M00486,2023-04-17,9747.0,4,76.0
M00641,2022-08-29,14718.0,3,90.0
M00280,2023-11-20,7765.0,0,34.0
M00404,2023-01-30,14945.0,1,127.0
M00456,2023-02-27,15685.0,4,116.0
M00008,2022-03-21,6264.0,4,58.0
M00798,2022-12-05,6412.0,0,127.0
M00382,2023-08-28,18596.0,4,13.0
M00018,2022-05-30,14255.0,3,118.0
M00502,2023-09-18,15879.0,3,149.0
M00845,2023-04-17,19017.0,1,84.0
M00122,2023-05-08,8017.0,2,129.0
M00494,2022-06-06,9913.0,4,119.0
M00126,2023-10-23,13201.0,3,68.0
M00879,2022-02-14,11576.0,0,142.0
M00740,2022-05-30,4170.0,0,49.0
M00595,2023-12-18,19429.0,2,87.0
M00397,2022-10-03,19260.0,2,25.0
M00489,2022-05-09,2393.0,2,104.0
M00432,2023-01-02,16246.0,0,124.0
M00188,2022-07-25,16596.0,4,85.0
M00154,2022-06-27,3768.0,3,26.0
M00124,2022-10-10,2232.0,0,18.0
M00905,2022-05-30,14575.0,3,36.0
M00866,2023-02-27,5569.0,2,35.0
M00309,2023-05-22,17271.0,1,62.0
M00607,2022-11-14,7905.0,4,38.0
M00122,2023-02-06,19215.0,2,127.0
M00874,2022-07-18,10278.0,2,106.0
M00071,2023-10-30,9040.0,3,139.0
M00905,2023-01-02,12409.0,0,79.0
M00104,2022-05-02,9761.0,1,78.0
M00666,2022-08-01,18221.0,4,
M00756,2022-08-08,11426.0,1,149.0
M00371,2022-02-28,7659.0,2,119.0
M00673,2023-10-16,5877.0,1,5.0
M00161,2022-09-12,14319.0,4,104.0
M00889,2023-10-30,2344.0,2,121.0
M00692,2022-02-21,3160.0,4,144.0
M00680,2022-06-13,2483.0,1,1.0
M00388,2023-04-17,17871.0,2,79.0
M00412,2022-12-26,3828.0,2,54.0
M00054,2022-11-14,8720.0,4,110.0
M00452,2022-04-25,18699.0,0,11.0
M00751,2022-05-23,15212.0,2,108.0
M00866,2022-11-28,12068.0,4,139.0
M00561,2022-02-28,15374.0,4,50.0
M00872,2023-04-24,4329.0,4,47.0
M00880,2022-01-31,11805.0,0,104.0
M00646,2023-10-16,6470.0,3,69.0
M00801,2022-02-07,15574.0,2,118.0
M00133,2023-12-11,16274.0,1,104.0
M00979,2023-05-15,4100.0,4,89.0
M00146,2022-11-28,2808.0,1,0.0
M00131,2022-11-14,,4,143.0
M00354,2023-11-06,10186.0,4,45.0
M00634,2023-07-03,,2,62.0
M00514,2023-12-04,3896.0,0,58.0
M00065,2023-05-22,9601.0,0,46.0
M00803,2023-03-13,9282.0,1,15.0
M00435,2022-01-17,3138.0,3,45.0
M00836,2022-08-01,17110.0,0,79.0
M00035,2023-12-18,18507.0,0,49.0
M00328,2022-02-14,17654.0,3,48.0
M00428,2022-04-18,3584.0,0,106.0
M00797,2023-10-02,3405.0,2,19.0
M00932,2023-11-20,13485.0,2,118.0
M00334,2022-04-11,3244.0,1,76.0
M00298,2022-02-14,7892.0,1,71.0
M00113,2023-11-20,18582.0,1,125.0
M00094,2023-10-23,14274.0,2,10.0
M00626,2022-09-19,17264.0,1,54.0
M00519,2022-02-21,7622.0,1,46.0
M00397,2023-01-23,19714.0,2,126.0
M00534,2023-12-11,11174.0,3,77.0
M00057,2023-07-10,5132.0,1,103.0
M00173,2023-11-13,15671.0,0,49.0
M00694,2022-01-03,19728.0,2,96.0
M00002,2022-05-09,16611.0,3,116.0
M00456,2023-06-26,6840.0,0,104.0
M00825,2022-05-09,7269.0,0,22.0
M00469,2023-08-28,2428.0,4,60.0
M00118,2022-01-24,8154.0,3,6.0
M00596,2023-03-20,4464.0,4,14.0
M00843,2023-11-13,18960.0,2,78.0
M00802,2022-01-10,13454.0,3,8.0
M00556,2023-06-12,10741.0,4,58.0
M00581,2022-06-06,15054.0,2,107.0
M00565,2023-01-23,11484.0,1,133.0
M00958,2023-07-24,17860.0,0,137.0
M00496,2023-10-30,12483.0,2,14.0
M00862,2022-12-19,6375.0,3,117.0
M00801,2023-07-17,11324.0,0,87.0
M00332,2022-08-01,12688.0,0,3.0
M00512,2023-02-06,13195.0,2,113.0
M00837,2022-09-05,11770.0,1,57.0
M00641,2023-09-18,2851.0,2,142.0
M00163,2022-03-21,6722.0,4,1.0
M00251,2022-08-29,10765.0,4,103.0
M00537,2023-07-10,8907.0,4,123.0
M00644,2022-01-24,14316.0,3,68.0
M00329,2022-07-11,14456.0,2,70.0
M00118,2023-12-11,19934.0,0,67.0
M00369,2022-08-15,,3,146.0
M00748,2023-12-04,9698.0,4,7.0
M00115,2023-05-29,8600.0,3,30.0
M00637,2022-08-01,17848.0,0,13.0
M00195,2023-06-26,8586.0,3,28.0
M00606,2022-01-31,11552.0,1,136.0
M00724,2022-03-07,17967.0,4,100.0
M00639,2022-06-20,5636.0,2,69.0
M00138,2022-10-10,12537.0,4,91.0
M00660,2022-04-25,11670.0,4,44.0
M00296,2023-02-27,13340.0,2,73.0
M00963,2023-08-07,8785.0,2,53.0
M00075,2023-02-20,19041.0,0,44.0
M00015,2022-08-15,2244.0,0,2.0
M00372,2022-02-28,7113.0,1,75.0
M00156,2022-12-12,15448.0,3,35.0
M00876,2022-08-01,10396.0,3,138.0
M00035,2022-01-31,11075.0,3,133.0
M00519,2022-11-14,5732.0,4,116.0
M00182,2023-10-09,10006.0,4,40.0
M00993,2022-01-24,16973.0,2,71.0
M00170,2022-08-01,11174.0,1,106.0
M00497,2022-01-24,12636.0,1,136.0
M00294,2022-05-02,16380.0,3,83.0
M00723,2023-07-24,7281.0,2,103.0
M00832,2023-12-25,19604.0,3,137.0
M00057,2022-08-22,4606.0,4,40.0
M00364,2022-11-28,11217.0,2,3.0
M00925,2023-03-13,5283.0,3,9.0
M00636,2022-04-04,3316.0,1,48.0
M00706,2023-09-18,5151.0,0,146.0
M00595,2023-08-28,2118.0,4,73.0
M00713,2022-08-15,6693.0,3,47.0
M00764,2023-07-17,16903.0,2,123.0
M00902,2022-10-17,8718.0,2,99.0
M00337,2022-08-08,14295.0,3,136.0
M00002,2023-11-20,3908.0,1,18.0
M00423,2022-10-24,8378.0,3,125.0
M00902,2023-01-30,2426.0,4,10.0
M00782,2023-10-16,12841.0,2,2.0
M00753,2022-04-11,7735.0,4,144.0
M00474,2022-12-12,17247.0,0,114.0
M00146,2023-05-08,17188.0,1,72.0
M00326,2023-03-13,7881.0,3,29.0
M00588,2023-05-01,2639.0,3,79.0
M00230,2022-02-28,11395.0,1,7.0
M00918,2022-03-28,14892.0,2,4.0
M00846,2023-12-25,5765.0,3,68.0
M00269,2022-05-02,16547.0,1,77.0
M00585,2022-08-29,4763.0,3,124.0
M00882,2022-01-03,8692.0,2,68.0
M00618,2023-09-04,2145.0,1,144.0
M00736,2022-09-05,16976.0,2,
M00522,2023-07-10,17850.0,3,78.0
M00795,2023-07-24,11248.0,1,69.0
M00782,2023-04-10,9133.0,0,31.0
M00265,2022-11-14,17893.0,3,59.0
M00649,2022-09-12,3457.0,1,127.0
M00218,2023-05-15,13980.0,0,126.0
M00953,2023-07-24,19991.0,1,39.0
M00224,2022-07-18,19457.0,4,26.0
M00361,2023-12-04,12561.0,4,103.0
M00291,2023-09-25,3522.0,1,4.0
M00154,2022-10-31,2535.0,1,126.0
M00681,2023-10-09,17251.0,4,51.0
M00365,2023-04-17,2760.0,3,74.0
M00106,2023-06-12,15410.0,4,88.0
M00633,2023-06-19,18193.0,4,127.0
M00579,2022-04-04,17045.0,4,65.0
M00798,2023-06-26,17162.0,2,134.0
M00285,2022-12-19,10099.0,3,126.0
M00596,2023-05-29,15185.0,2,113.0
M00836,2023-08-21,5263.0,3,0.0
M00526,2022-02-28,3997.0,2,75.0
M00877,2023-09-04,2025.0,2,19.0
M00180,2023-07-17,10698.0,1,98.0
M00039,2023-09-04,19244.0,4,41.0
M00277,2023-04-24,9683.0,1,143.0
M00839,2022-08-22,13219.0,1,32.0
M00512,2023-03-27,10151.0,1,88.0
M00006,2022-07-04,5981.0,0,82.0
M00183,2022-10-03,4850.0,3,15.0
M00552,2022-02-21,18980.0,1,143.0
M00710,2022-02-07,14083.0,1,88.0
M00665,2023-01-02,8422.0,0,54.0
M00388,2022-01-31,14653.0,0,29.0
M00764,2023-01-09,14058.0,4,95.0
M00741,2022-05-02,2168.0,1,87.0
M00473,2023-05-08,16755.0,3,124.0
M00466,2022-09-05,3923.0,1,
M00930,2023-11-06,15163.0,4,138.0
M00089,2023-01-09,17867.0,1,19.0
M00534,2022-08-22,8506.0,0,43.0
M00312,2022-08-08,9654.0,0,17.0
M00302,2022-12-19,9625.0,4,99.0
M00120,2022-01-17,6076.0,4,3.0
M00696,2023-03-27,8984.0,0,89.0
M00718,2023-08-14,16673.0,0,141.0
M00997,2022-03-28,7117.0,1,89.0
M00459,2022-02-21,19257.0,4,140.0
M00923,2022-10-31,17197.0,1,89.0
M00090,2022-07-25,7823.0,0,40.0
M00116,2022-02-21,2181.0,3,90.0
M00675,2023-02-06,6760.0,4,21.0
M00400,2023-09-25,2407.0,1,137.0
M00500,2023-12-18,15610.0,4,49.0
M00616,2023-08-28,11806.0,3,99.0
M00660,2022-02-21,15863.0,2,15.0
M00783,2023-02-27,12714.0,0,138.0
M00974,2023-07-03,9356.0,3,102.0
M00110,2023-01-02,18121.0,2,66.0
M00200,2023-05-08,19209.0,1,19.0
M00792,2023-06-12,17869.0,3,32.0
M00958,2022-09-05,18479.0,2,137.0
M00225,2023-12-11,13531.0,3,54.0
M00592,2023-10-16,12987.0,2,44.0
M00987,2023-05-29,12632.0,1,101.0
M00763,2023-03-06,10590.0,1,30.0
M00220,2022-05-09,3261.0,1,122.0
M00812,2022-05-02,8023.0,1,87.0
M00654,2022-10-31,9700.0,1,137.0
M00073,2022-05-16,9980.0,2,5.0
M00878,2022-01-10,10920.0,1,128.0
M00717,2022-07-25,3656.0,3,110.0
M00435,2022-12-19,7470.0,3,107.0
M00918,2022-10-31,14037.0,1,73.0
M00734,2022-11-21,10958.0,3,104.0
M00672,2022-10-24,14201.0,1,116.0
M00592,2022-03-14,7241.0,3,78.0
M00115,2023-08-21,12426.0,4,87.0
M00025,2022-10-17,2381.0,0,62.0
M00177,2022-05-09,2294.0,3,73.0
M00279,2022-01-17,16258.0,3,128.0
M00293,2022-01-24,2054.0,0,125.0
M00220,2023-11-20,7546.0,4,19.0
M00003,2022-09-19,18463.0,0,28.0
M00828,2023-05-22,11704.0,3,129.0
M00315,2023-05-15,13994.0,1,53.0
M00407,2022-08-22,17631.0,4,88.0
M00545,2022-12-19,17620.0,3,17.0
M00694,2022-08-01,7370.0,1,29.0
M00551,2023-12-25,4343.0,1,7.0
M00153,2023-07-31,14235.0,4,50.0
M00063,2022-09-12,5906.0,3,82.0
M00089,2023-10-30,6834.0,2,119.0
M00103,2022-10-31,19282.0,1,100.0
M00853,2023-02-13,13516.0,0,137.0
M00503,2023-10-02,5998.0,2,143.0
M00699,2022-05-02,3512.0,0,120.0
M00159,2022-06-20,3820.0,4,49.0
M00561,2022-03-07,,1,40.0
M00734,2023-04-24,4021.0,1,53.0
M00359,2023-07-03,5250.0,4,43.0
M00700,2022-06-20,15001.0,1,59.0
M00765,2023-08-07,18413.0,2,68.0
M00877,2022-12-19,2993.0,2,78.0
M00490,2023-01-02,15755.0,4,22.0
M00192,2022-03-07,3286.0,3,93.0
M00244,2022-12-05,13995.0,1,70.0
M00994,2022-09-19,9437.0,2,19.0
M00934,2023-10-02,17408.0,0,38.0
M00583,2022-11-14,11249.0,1,2.0
M00859,2023-05-01,12479.0,2,2.0
M00077,2022-03-14,3940.0,2,6.0
M00733,2023-07-31,8831.0,2,128.0
M00855,2022-04-18,7574.0,3,69.0
M00776,2022-08-08,2156.0,4,107.0
M00981,2022-01-10,19614.0,3,2.0
M00781,2023-12-18,3189.0,0,1.0
M00794,2023-02-06,16094.0,0,95.0
M00906,2023-09-18,9694.0,4,19.0
M00733,2023-08-14,2543.0,4,26.0
M00091,2022-09-19,19959.0,2,83.0
M00568,2023-07-03,16938.0,0,18.0
M00388,2023-01-30,15333.0,2,62.0
M00618,2023-06-19,16759.0,4,42.0
M00287,2023-05-08,19817.0,0,132.0
M00785,2023-02-13,18996.0,2,118.0
M00904,2023-01-30,9678.0,1,147.0
M00436,2023-04-10,12886.0,1,111.0
M00805,2022-04-11,16720.0,2,73.0
M00893,2023-08-07,10922.0,3,149.0
M00916,2023-02-06,8377.0,2,37.0
M00047,2022-01-17,11677.0,0,91.0
M00970,2023-02-06,9506.0,4,139.0
M00307,2022-07-04,14040.0,2,102.0
M00114,2022-04-11,15882.0,0,60.0
M00058,2023-02-20,16484.0,0,98.0
M00044,2022-01-17,15181.0,1,47.0
M00354,2022-07-11,2403.0,2,144.0
M00231,2022-11-21,14790.0,3,51.0
M00779,2023-03-27,14671.0,3,45.0
M00012,2023-01-02,4080.0,4,55.0
M00394,2022-05-16,11640.0,4,28.0
M00717,2022-03-14,12896.0,1,72.0
M00566,2022-06-20,14151.0,2,126.0
M00546,2023-03-13,8442.0,4,74.0
M00760,2022-01-24,10304.0,2,28.0
M00414,2023-07-31,7101.0,3,7.0
M00911,2023-01-09,11536.0,0,24.0
M00502,2023-02-20,17254.0,3,148.0
M00648,2022-07-11,13303.0,1,3.0
M00230,2022-03-07,17009.0,2,35.0
M00356,2023-08-14,2205.0,0,82.0
M00424,2022-09-05,3909.0,0,35.0
M00500,2023-07-10,,1,74.0
M00278,2022-08-15,,0,92.0
M00773,2023-02-13,17451.0,2,49.0
M00480,2022-11-07,11951.0,3,8.0
M00020,2022-12-19,13677.0,2,112.0
M00215,2022-11-14,,4,12.0
M00744,2022-03-28,8539.0,0,80.0
M00494,2023-10-09,5676.0,0,101.0
M00118,2022-01-24,5968.0,2,65.0
M00561,2022-10-17,13737.0,1,77.0
M00631,2022-07-04,5059.0,2,26.0
M00436,2022-02-21,4353.0,3,49.0
M00450,2022-11-14,11961.0,1,58.0
M00659,2022-02-21,19391.0,0,99.0
M00730,2023-09-11,6027.0,0,77.0
M00740,2022-06-27,,1,122.0
M00398,2022-01-03,5988.0,1,71.0
M00263,2023-11-06,12816.0,1,48.0
M00953,2023-07-31,3617.0,0,
M00336,2023-02-27,4368.0,0,121.0
M00522,2023-08-07,14054.0,0,115.0
M00875,2023-07-24,7722.0,0,69.0
M00662,2023-09-18,4491.0,0,0.0
M00730,2022-09-26,12113.0,2,25.0
M00133,2022-02-28,15473.0,2,24.0
M00204,2022-07-04,7479.0,2,108.0
M00984,2023-05-01,18841.0,1,115.0
M00504,2022-05-16,10879.0,0,57.0
M00536,2023-12-11,8116.0,2,21.0
M00655,2023-03-27,6888.0,1,12.0
M00856,2023-12-11,,3,96.0
M00216,2022-04-18,6187.0,4,9.0
M00234,2023-04-17,16988.0,3,17.0
M00922,2023-04-10,16596.0,3,54.0
M00567,2022-05-30,12478.0,4,55.0
M00354,2023-05-22,19478.0,1,55.0
M00402,2023-01-23,9866.0,4,48.0
M00683,2023-01-30,13810.0,1,112.0
M00485,2023-01-09,14943.0,3,115.0
M00390,2022-02-21,14595.0,4,1.0
M00173,2022-02-14,9566.0,3,73.0
M00793,2023-06-12,9145.0,4,83.0
M00977,2022-01-03,11318.0,4,37.0
M00507,2023-01-09,6375.0,0,130.0
M00144,2022-03-21,12838.0,2,122.0
M00951,2023-07-10,8276.0,2,107.0
M00247,2022-04-04,8229.0,3,52.0
M00440,2023-10-16,14892.0,3,126.0
M00541,2022-05-09,3204.0,3,22.0
M00320,2022-05-09,15982.0,0,27.0
M00385,2023-06-19,3529.0,0,90.0
M00636,2023-05-29,16369.0,3,19.0
M00685,2023-10-09,6573.0,0,133.0
M00234,2022-07-11,3746.0,4,2.0
M00365,2023-06-19,18849.0,4,2.0
M00980,2022-04-11,9375.0,4,22.0
M00538,2023-07-17,13768.0,2,72.0
M00597,2023-03-13,13967.0,4,32.0
M00562,2022-06-06,12613.0,2,63.0
M00498,2022-10-24,5594.0,4,139.0
M00667,2022-03-07,18623.0,3,25.0
M00612,2022-09-05,19203.0,2,36.0
M00419,2023-03-13,13487.0,0,113.0
M00592,2022-12-05,12777.0,2,73.0
M00541,2022-04-04,19196.0,1,43.0
M00135,2023-10-30,3613.0,2,138.0
M00062,2022-08-22,7640.0,4,23.0
M00071,2023-10-23,17693.0,4,91.0
M00895,2022-09-26,15558.0,4,93.0
M00802,2022-08-08,7633.0,0,18.0
M00944,2023-07-10,9676.0,3,55.0
M00645,2023-09-18,15175.0,2,48.0
M00117,2023-07-17,11674.0,0,118.0
M00510,2022-05-30,15683.0,1,108.0
M00520,2023-11-27,18418.0,2,56.0
M00200,2022-08-29,11791.0,4,94.0
M00555,2022-06-06,7737.0,0,121.0
M00989,2022-06-20,9576.0,0,10.0
M00692,2023-04-24,4912.0,2,80.0
M00842,2022-02-07,3544.0,0,144.0
M00769,2023-09-18,15866.0,0,113.0
M00550,2023-02-20,7897.0,0,14.0
M00988,2023-12-11,6640.0,2,138.0
M00775,2022-02-07,7612.0,4,121.0
M00337,2022-05-09,19288.0,0,12.0
M00184,2022-05-09,3589.0,0,80.0
M00496,2023-10-23,10343.0,3,27.0
M00430,2023-12-04,9551.0,1,15.0
M00280,2023-08-28,8970.0,3,35.0
M00803,2022-03-21,12518.0,4,147.0
M00713,2022-03-28,14604.0,3,90.0
M00042,2023-08-21,9736.0,2,96.0
M00963,2022-12-12,16378.0,3,1.0
M00300,2023-04-10,17677.0,2,1.0
M00516,2023-06-12,13161.0,3,127.0
M00992,2023-12-04,4007.0,3,100.0
M00364,2022-08-01,10138.0,1,68.0
M00119,2023-06-19,,2,69.0
M00077,2022-06-06,19519.0,4,49.0
M00792,2023-06-19,13159.0,0,95.0
M00839,2023-05-01,14232.0,4,136.0
M00915,2023-02-06,8006.0,3,121.0
M00123,2023-04-10,12746.0,4,129.0
M00859,2023-05-08,5806.0,3,72.0
M00434,2022-03-07,7826.0,3,133.0
M00987,2023-10-23,16808.0,0,146.0
M00402,2023-04-17,15568.0,1,96.0
M00350,2022-10-31,9216.0,1,120.0
M00668,2023-05-01,19871.0,0,18.0
M00413,2023-07-24,2738.0,4,116.0
M00329,2023-05-08,,2,60.0
M00103,2023-11-13,6321.0,0,29.0
M00871,2023-08-28,4440.0,3,116.0
M00341,2022-02-21,11020.0,1,140.0
M00941,2023-09-04,9800.0,1,145.0
M00614,2022-07-11,15412.0,4,129.0
M00903,2023-01-16,,2,2.0
M00045,2023-04-10,15927.0,0,133.0
M00345,2023-06-19,4475.0,3,76.0
M00410,2022-09-26,17645.0,3,83.0
M00500,2022-08-15,2315.0,2,126.0
M00582,2023-07-10,18860.0,4,59.0
M00049,2023-06-05,2550.0,2,60.0
M00119,2022-07-18,4472.0,4,8.0
M00852,2023-09-11,10072.0,4,66.0
M00402,2022-04-25,11156.0,0,94.0
M00468,2022-09-12,4186.0,0,67.0
M00808,2022-02-07,6227.0,3,16.0
M00530,2022-11-14,8304.0,1,58.0
M00047,2022-04-04,14704.0,4,95.0
M00001,2023-07-31,10748.0,3,39.0
M00161,2022-09-12,8308.0,1,130.0
M00295,2023-06-12,19714.0,3,128.0
M00624,2023-07-31,,4,7.0
M00023,2023-08-14,8879.0,1,61.0
M00756,2022-07-18,11635.0,2,16.0
M00270,2023-10-02,5575.0,0,42.0
M00476,2023-07-17,12927.0,0,1.0
M00981,2022-12-05,13804.0,1,59.0
M00765,2022-01-10,5369.0,1,92.0
M00940,2023-05-01,19334.0,4,14.0
M00293,2023-09-11,12690.0,1,124.0
M00583,2023-07-31,14907.0,0,93.0
M00588,2023-05-01,15959.0,4,1.0
M00499,2023-03-27,12353.0,3,123.0
M00677,2022-11-14,17448.0,0,121.0
M00487,2023-03-13,13799.0,2,79.0
M00412,2023-11-13,2921.0,4,114.0
M00379,2023-08-14,6071.0,2,94.0
M00775,2022-05-23,12126.0,1,96.0
M00621,2022-07-04,10809.0,3,121.0
M00889,2023-03-13,12660.0,1,65.0
M00692,2022-06-06,3809.0,0,43.0
M00512,2023-11-27,2971.0,3,3.0
M00657,2023-11-27,3986.0,0,38.0
M00702,2023-10-30,10365.0,3,48.0
M00165,2022-09-26,18963.0,2,4.0
M00014,2023-02-06,7688.0,0,44.0
M00491,2022-11-07,18857.0,0,59.0
M00244,2023-07-17,15524.0,1,7.0
M00435,2022-04-04,7519.0,4,49.0
M00823,2022-05-30,16959.0,0,35.0
M00569,2022-04-25,4326.0,3,69.0
M00004,2022-07-18,2215.0,1,9.0
M00214,2022-09-19,6605.0,4,35.0
M00049,2023-09-18,6690.0,0,67.0
M00081,2022-08-01,17578.0,2,102.0
M00547,2023-11-13,8247.0,1,141.0
M00878,2023-02-06,5122.0,2,75.0
M00181,2023-09-25,10960.0,3,110.0
M00672,2022-04-25,17363.0,1,16.0
M00870,2022-06-06,3112.0,1,20.0
M00377,2023-11-13,6857.0,1,96.0
M00479,2023-07-24,16698.0,4,53.0
M00217,2023-08-14,4077.0,4,140.0
M00266,2022-05-16,10708.0,0,127.0
M00763,2023-10-30,8636.0,2,44.0
M00625,2023-06-12,13664.0,0,136.0
M00190,2022-01-24,14335.0,2,54.0
M00002,2023-05-22,7472.0,0,49.0
M00575,2023-06-05,3739.0,1,19.0
M00475,2022-12-05,15811.0,1,107.0
M00460,2023-10-16,10466.0,2,0.0
M00632,2022-06-27,12420.0,1,85.0
M00757,2022-08-08,6566.0,0,34.0
M00400,2022-07-11,2678.0,4,123.0
M00784,2022-12-19,2894.0,3,125.0
M00131,2022-10-03,16265.0,0,52.0
M00217,2022-09-12,10291.0,2,4.0
M00530,2022-12-19,8162.0,1,106.0
M00231,2023-01-30,16425.0,3,88.0
M00810,2023-07-10,8633.0,3,89.0
M00232,2023-05-15,7778.0,1,146.0
M00416,2023-04-10,7434.0,0,56.0
M00124,2022-01-17,7436.0,1,7.0
M00562,2023-05-29,10223.0,4,145.0
M00177,2023-03-13,19964.0,2,104.0
M00515,2022-03-21,4466.0,1,138.0
M00072,2023-07-03,19385.0,0,126.0
M00372,2023-09-25,13393.0,4,4.0
M00125,2022-12-19,6832.0,4,76.0
M00383,2022-03-14,13209.0,0,55.0
M00005,2022-02-07,12028.0,2,35.0
M00185,2022-03-21,10864.0,3,112.0
M00084,2023-07-24,18097.0,4,31.0
M00940,2022-06-20,9785.0,0,141.0
M00665,2023-11-13,17334.0,4,117.0
M00710,2022-06-27,6676.0,3,65.0
M00732,2023-09-04,9816.0,0,3.0
M00023,2023-02-06,13507.0,4,10.0
M00984,2023-07-10,100000.0,0,105.0
M00906,2022-09-05,7610.0,0,47.0
M00650,2022-09-05,9450.0,3,140.0
M00161,2022-05-23,8312.0,0,41.0
M00073,2023-10-16,15650.0,2,65.0
M00914,2022-12-05,17303.0,4,46.0
M00707,2023-08-07,10402.0,1,75.0
M00097,2023-02-20,5178.0,2,11.0
M00586,2023-03-06,2316.0,2,25.0
M00539,2022-05-09,6417.0,0,108.0
M00163,2022-03-14,17564.0,2,12.0
M00062,2023-06-26,,2,126.0
M00402,2023-11-27,10088.0,2,55.0
M00263,2023-07-10,,0,117.0
M00199,2022-01-17,19469.0,2,82.0
M00214,2023-01-30,15324.0,1,83.0
M00778,2023-08-21,5863.0,2,58.0
M00508,2023-04-24,13244.0,0,11.0
M00027,2023-01-02,6026.0,0,4.0
M00580,2023-04-03,10780.0,3,114.0
M00972,2022-03-21,8238.0,3,42.0
M00195,2023-03-06,10869.0,1,65.0
M00439,2022-11-07,,4,133.0
M00816,2023-01-30,17327.0,3,98.0
M00875,2022-01-10,19693.0,2,14.0
M00323,2023-12-04,,0,145.0
M00345,2023-01-16,13437.0,3,48.0
M00922,2022-05-09,17632.0,0,1.0
M00936,2023-02-27,9521.0,2,132.0
M00839,2022-06-13,16134.0,0,36.0
M00814,2022-01-31,5973.0,0,5.0
M00610,2022-06-27,8593.0,3,41.0
M00202,2023-10-02,19220.0,0,50.0
M00451,2022-08-29,11257.0,2,15.0
M00760,2022-05-09,5045.0,1,72.0
M00348,2022-08-01,6431.0,0,66.0
M00011,2023-07-31,14253.0,0,80.0
M00435,2022-10-31,15321.0,2,29.0
M00032,2022-05-09,3959.0,4,26.0
M00840,2023-08-07,15079.0,2,87.0
M00148,2023-07-17,4406.0,3,63.0
M00645,2022-03-21,9246.0,3,38.0
M00894,2022-08-29,2132.0,1,134.0
M00937,2023-09-18,10867.0,0,72.0
M00269,2023-02-06,9154.0,1,143.0
M00715,2023-05-15,15289.0,1,55.0
M00634,2023-12-25,2789.0,0,10.0
M00098,2022-06-20,7511.0,0,136.0
M00236,2022-06-20,2990.0,2,0.0
M00643,2023-08-21,16899.0,1,43.0
M00911,2022-03-28,,1,34.0
M00764,2022-10-17,15598.0,3,83.0
M00252,2022-04-11,9988.0,1,7.0
M00865,2022-06-06,16726.0,2,70.0
M00568,2022-07-11,8273.0,4,36.0
M00892,2022-03-28,19982.0,1,100.0
M00939,2023-10-30,8696.0,2,132.0
M00761,2023-06-05,9958.0,2,20.0
M00202,2022-10-31,11905.0,4,4.0
M00249,2023-06-26,5542.0,2,22.0
M00963,2022-12-26,3696.0,3,70.0
M00814,2022-08-29,12282.0,4,64.0
M00373,2022-11-21,11682.0,3,146.0
M00176,2022-08-29,5126.0,1,1.0
M00105,2022-12-12,5425.0,1,139.0
M00974,2023-12-25,10868.0,2,24.0
M00245,2023-08-28,3272.0,2,123.0
M00225,2022-10-03,19734.0,4,81.0
M00865,2023-06-19,14416.0,1,125.0
M00932,2023-05-01,9934.0,0,60.0
M00663,2023-10-09,6003.0,2,43.0
M00439,2022-10-17,5264.0,4,8.0
M00311,2022-04-11,2688.0,2,148.0
M00509,2023-02-20,19966.0,4,102.0
M00054,2023-02-06,17998.0,1,140.0
M00381,2023-04-24,11515.0,2,140.0
M00321,2022-08-15,6907.0,2,
M00219,2022-10-03,2364.0,0,27.0
M00819,2022-01-10,18899.0,1,100.0
M00928,2022-08-15,18959.0,4,88.0
M00469,2022-06-20,6917.0,0,108.0
M00748,2023-02-13,,4,103.0
M00896,2022-07-04,8908.0,2,53.0
M00404,2023-01-23,10142.0,3,78.0
M00347,2022-06-20,9909.0,2,130.0
M00676,2022-01-31,16330.0,1,92.0
M00489,2023-03-06,3373.0,4,94.0
M00800,2022-10-24,8470.0,0,58.0
M00359,2023-12-25,15863.0,2,118.0
M00057,2023-04-17,11882.0,4,119.0
M00541,2023-06-26,12150.0,0,17.0
M00942,2023-07-17,7242.0,2,60.0
M00087,2023-09-25,10923.0,3,124.0
M00378,2022-09-05,16112.0,3,117.0
M00931,2023-11-13,19217.0,2,43.0
M00079,2022-03-07,12344.0,1,111.0
M00363,2022-05-30,15510.0,3,36.0
M00970,2023-08-21,16860.0,4,72.0
M00308,2022-07-11,15151.0,1,142.0
M00911,2022-11-28,18668.0,1,115.0
M00089,2023-02-20,9491.0,2,124.0
M00977,2023-08-07,5538.0,4,46.0
M00691,2023-03-13,6233.0,4,46.0
M00287,2022-01-10,18459.0,0,14.0
M00971,2022-06-06,17033.0,3,41.0
M00596,2022-12-19,16037.0,3,118.0
M00223,2023-11-13,11087.0,1,61.0
M00656,2023-07-10,15666.0,1,24.0
M00164,2022-07-11,14985.0,2,11.0
M00295,2023-06-26,3744.0,4,8.0
M00651,2022-01-03,9237.0,3,124.0
M00660,2022-04-11,5341.0,0,89.0
M00986,2022-04-11,6251.0,3,36.0
M00312,2023-09-11,15500.0,3,136.0
M00753,2022-10-24,15221.0,3,45.0
M00755,2022-01-31,15510.0,1,94.0
M00474,2023-05-15,15386.0,4,100.0
M00170,2023-08-21,17904.0,4,6.0
M00047,2023-12-18,5778.0,3,132.0
M00006,2022-09-19,7013.0,4,124.0
M00877,2023-03-13,8236.0,2,59.0
M00547,2023-12-18,2645.0,1,35.0
M00904,2022-10-24,,1,0.0
M00071,2022-12-19,11653.0,4,128.0
M00293,2023-06-26,9094.0,3,40.0
M00178,2023-07-31,16649.0,3,135.0
M00123,2022-06-27,10718.0,3,40.0
M00757,2023-12-11,12903.0,4,122.0
M00912,2023-11-06,6458.0,3,106.0
M00521,2022-11-14,11917.0,4,89.0
M00843,2022-03-21,11920.0,0,92.0
M00725,2023-10-09,8765.0,4,103.0
M00828,2022-03-21,16686.0,2,108.0
M00563,2022-07-18,6054.0,3,3.0
M00814,2023-02-27,13243.0,3,1.0
M00327,2022-10-10,2128.0,1,46.0
M00908,2022-05-16,10400.0,4,147.0
M00576,2023-11-13,10237.0,0,29.0
M00883,2022-11-14,8635.0,3,81.0
M00744,2022-07-25,14251.0,1,29.0
M00533,2023-10-09,2000.0,4,109.0
M00005,2022-09-26,10004.0,1,98.0
M00006,2022-10-03,16794.0,0,0.0
M00043,2022-12-19,3634.0,4,57.0
M00282,2022-01-10,11095.0,3,66.0
M00861,2023-09-18,13363.0,4,22.0
M00566,2023-03-27,3894.0,3,149.0
M00896,2022-07-11,7656.0,2,48.0
M00131,2022-12-19,7266.0,3,118.0
M00651,2022-02-21,6850.0,1,62.0
M00215,2022-08-01,4061.0,0,47.0
M00025,2022-09-26,17136.0,4,43.0
M00908,2023-02-20,5364.0,2,50.0
M00577,2023-07-31,11066.0,2,124.0
M00260,2023-06-19,7018.0,2,40.0
M00436,2022-04-18,2268.0,1,97.0
M00383,2022-06-06,9622.0,3,56.0
M00961,2022-03-14,5409.0,2,11.0
M00710,2023-09-04,15747.0,0,81.0
M00418,2023-01-09,14374.0,0,59.0
M00475,2023-05-29,5495.0,4,63.0
M00109,2023-04-24,19638.0,0,3.0
M00528,2022-03-21,7823.0,3,146.0
M00715,2022-09-05,13962.0,3,106.0
M00654,2023-01-30,13871.0,2,60.0
M00870,2022-06-27,15044.0,3,41.0
M00625,2023-10-02,14239.0,3,19.0
M00586,2023-07-10,10185.0,2,111.0
M00957,2023-04-03,,4,95.0
M00565,2023-09-18,15258.0,3,19.0
M00118,2022-01-24,14237.0,3,15.0
M00186,2023-10-09,12687.0,1,56.0
M00575,2022-04-18,4183.0,4,18.0
M00141,2022-05-30,6856.0,2,12.0
M00301,2023-03-20,12493.0,1,19.0
M00226,2023-05-01,18712.0,1,106.0
M00225,2023-10-02,12767.0,4,75.0
M00183,2022-03-14,12009.0,3,34.0
M00161,2022-10-17,8407.0,2,137.0
M00062,2023-08-14,5942.0,4,75.0
M00935,2023-09-18,11203.0,1,23.0
M00397,2022-09-26,7179.0,0,68.0
M00593,2022-11-21,4015.0,2,57.0
M00841,2022-05-30,4505.0,0,97.0
M00397,2022-07-25,13723.0,3,59.0
M00016,2022-07-25,10890.0,4,108.0
M00229,2022-08-15,13640.0,3,10.0
M00438,2023-12-25,13677.0,4,72.0
M00414,2022-07-25,17838.0,1,39.0
M00935,2022-09-12,19084.0,3,73.0
M00609,2023-01-02,17496.0,0,33.0
M00360,2022-07-25,9983.0,1,61.0
M00832,2022-06-27,5269.0,4,78.0
M00838,2022-02-07,9615.0,1,94.0
M00652,2023-01-09,15859.0,0,4.0
M00130,2023-01-23,16297.0,2,50.0
M00929,2022-01-24,17719.0,4,96.0
M00655,2023-07-03,14811.0,2,57.0
M00849,2022-09-05,6998.0,1,122.0
M00692,2023-03-13,3495.0,3,92.0
M00163,2022-01-17,3090.0,4,2.0
M00351,2023-01-30,17281.0,1,22.0
M00478,2023-07-10,6569.0,4,9.0
M00635,2022-04-18,12436.0,0,46.0
M00038,2022-10-03,16950.0,1,31.0
M00976,2023-01-02,8786.0,3,120.0
M00298,2023-09-25,10799.0,4,47.0
M00877,2022-02-07,19111.0,3,35.0
M00232,2022-05-23,13976.0,3,87.0
M00849,2023-06-19,19026.0,0,53.0
M00764,2022-02-28,13977.0,2,19.0
M00519,2023-03-13,15090.0,1,130.0
M00568,2022-10-24,6043.0,2,130.0
M00901,2023-05-15,9760.0,2,59.0
M00168,2022-07-11,11283.0,0,122.0
M00829,2022-11-07,12480.0,3,22.0
M00731,2023-02-06,11926.0,3,29.0
M00065,2023-07-31,5766.0,1,47.0
M00194,2022-07-18,17569.0,0,44.0
M00452,2023-10-23,18537.0,4,36.0
M00961,2023-01-09,19591.0,3,149.0
M00605,2023-01-30,4615.0,1,51.0
M00853,2022-08-15,7319.0,4,1.0
M00170,2023-05-01,3980.0,2,13.0
M00931,2023-03-20,4889.0,0,17.0
M00738,2022-01-24,12801.0,4,113.0
M00231,2022-04-18,10900.0,3,14.0
M00962,2022-01-17,17855.0,1,36.0
M00281,2023-09-11,14810.0,1,129.0
M00006,2023-03-13,8002.0,0,118.0
M00264,2023-07-17,10165.0,2,106.0
M00931,2022-05-30,14241.0,3,83.0
M00053,2023-07-24,11575.0,2,73.0
M00019,2023-10-30,5645.0,0,68.0
M00265,2022-05-02,4121.0,0,31.0
M00161,2023-01-30,4941.0,2,56.0
M00776,2023-09-18,12503.0,4,60.0
M00806,2022-06-20,,4,4.0
M00160,2022-07-11,18568.0,0,84.0
M00023,2022-10-03,9655.0,4,145.0
M00162,2022-06-06,2729.0,4,47.0
M00343,2022-02-21,14267.0,1,39.0
M00942,2022-03-28,2566.0,2,67.0
M00416,2022-10-31,3311.0,1,95.0
M00385,2022-11-21,13615.0,1,55.0
M00007,2022-03-07,9736.0,0,131.0
M00875,2022-10-10,14292.0,0,144.0
M00880,2023-04-10,16198.0,0,51.0
M00536,2023-05-29,2623.0,1,124.0
M00130,2022-12-05,9616.0,3,17.0
M00767,2023-03-20,10689.0,1,127.0
M00256,2022-04-11,8065.0,1,24.0
M00250,2023-09-04,10414.0,1,60.0
M00914,2023-02-27,19544.0,4,137.0
M00339,2023-05-29,5834.0,4,79.0
M00618,2022-12-26,19380.0,0,131.0
M00356,2023-08-14,7949.0,1,127.0
M00312,2022-11-14,12452.0,1,31.0
M00860,2023-02-13,10778.0,0,58.0
M00483,2022-11-28,4984.0,2,145.0
M00032,2023-12-11,13768.0,3,116.0
M00589,2022-09-26,4723.0,3,91.0
M00838,2022-10-17,17590.0,2,117.0
M00093,2022-12-19,3004.0,0,129.0
M00522,2022-12-12,3775.0,2,148.0
M00891,2023-10-02,19498.0,3,123.0
M00936,2023-04-03,12881.0,2,115.0
M00842,2022-10-10,18996.0,1,126.0
M00034,2023-02-06,13802.0,4,103.0
M00852,2022-01-24,12769.0,1,52.0
M00623,2022-12-05,18076.0,3,136.0
M00289,2022-01-17,19787.0,4,27.0
M00971,2022-08-08,18394.0,4,60.0
M00344,2022-11-21,3997.0,2,58.0
M00609,2023-03-06,15827.0,1,74.0
M00508,2023-11-13,9782.0,2,113.0
M00313,2022-04-18,2554.0,3,125.0
M00662,2023-04-17,10955.0,4,64.0
M00944,2022-05-02,6646.0,2,115.0
M00204,2023-10-02,16138.0,4,87.0
M00222,2022-02-07,18024.0,1,9.0
M00032,2023-03-27,2754.0,3,91.0
M00637,2023-07-10,10528.0,1,49.0
M00620,2022-09-12,13584.0,2,96.0
M00723,2023-05-22,19500.0,2,62.0
M00429,2023-03-13,6203.0,0,85.0
M01000,2023-07-17,5421.0,1,98.0
M00002,2023-11-27,8552.0,3,57.0
M00507,2023-11-13,4793.0,4,
M00462,2023-02-13,15945.0,0,88.0
M00183,2023-10-23,14874.0,3,27.0
M00059,2022-08-22,7327.0,1,119.0
M00289,2022-09-12,6168.0,4,58.0
M00096,2022-08-22,13354.0,3,3.0
M00505,2022-11-07,4867.0,0,110.0
M00762,2023-12-04,,4,123.0
M00617,2022-01-03,9402.0,1,112.0
M00211,2023-01-02,15117.0,4,59.0
M00782,2023-03-06,5287.0,1,61.0
M00964,2022-04-11,18549.0,2,10.0
M00962,2023-10-23,18817.0,2,19.0
M00458,2022-12-19,17420.0,1,134.0
M00571,2022-04-04,6165.0,3,94.0
M00989,2023-11-13,4232.0,0,61.0
M00783,2023-02-13,16462.0,2,134.0
M00927,2022-12-26,2139.0,3,118.0
M00993,2022-01-03,6251.0,4,63.0
M00029,2023-11-20,12570.0,2,131.0
M00203,2023-06-05,9955.0,3,141.0
M00112,2022-04-25,6416.0,0,85.0
M00365,2023-01-23,16223.0,4,88.0
M01000,2022-01-31,10082.0,2,35.0
M00123,2022-04-25,10393.0,2,89.0
M00713,2022-05-02,15281.0,0,23.0
M00303,2023-09-11,14873.0,1,81.0
M00697,2023-01-16,19853.0,2,20.0
M00570,2023-11-20,6896.0,1,62.0
M00861,2022-11-21,19369.0,0,46.0
M00255,2023-07-10,5553.0,0,68.0
M00229,2022-12-05,6748.0,3,14.0
M00341,2022-06-06,16693.0,2,3.0
M00927,2023-12-25,10029.0,4,126.0
M00565,2022-05-23,3889.0,4,131.0
M00342,2022-07-18,3828.0,0,113.0
M00832,2023-02-20,17378.0,4,82.0
M00756,2022-11-14,17169.0,4,131.0
M00338,2023-11-27,9197.0,4,61.0
M00258,2022-03-07,15727.0,3,101.0
M00060,2023-08-07,12595.0,3,87.0
M00982,2023-01-02,15675.0,0,125.0
M00229,2022-02-14,3359.0,4,33.0
M00340,2022-07-25,2084.0,0,129.0
M00432,2023-10-09,3141.0,0,42.0
M00816,2023-01-16,19445.0,0,71.0
M00118,2023-03-27,14770.0,3,20.0
M00957,2022-05-23,6231.0,3,139.0
M00900,2022-02-14,8438.0,2,35.0
M00026,2022-10-31,18699.0,4,122.0
M00340,2023-04-17,5639.0,1,0.0
M00662,2023-12-18,17353.0,3,102.0
M00171,2022-04-11,10209.0,1,143.0
M00253,2023-11-13,2148.0,4,48.0
M00532,2022-01-10,6535.0,4,5.0
M00349,2023-12-04,14171.0,3,123.0
M00304,2022-01-17,8149.0,1,12.0
M00377,2022-11-28,11210.0,0,8.0
M00351,2023-04-17,13324.0,0,118.0
M00573,2022-11-21,8005.0,3,102.0
M00151,2022-10-24,12307.0,1,88.0
M00748,2023-11-27,14540.0,3,73.0
M00829,2022-07-04,19267.0,0,131.0
M00230,2022-01-24,14247.0,4,24.0
M00336,2022-09-05,4562.0,3,79.0
M00703,2023-07-31,13245.0,0,62.0
M00275,2023-11-13,12854.0,4,39.0
M00715,2023-07-10,13085.0,3,107.0
M00204,2022-12-26,2387.0,3,68.0
M00228,2022-11-07,18387.0,0,83.0
M00269,2023-12-25,,0,130.0
M00898,2022-12-19,4427.0,4,127.0
M00179,2023-08-21,14320.0,2,64.0
M00843,2022-08-08,19418.0,4,125.0
M00257,2022-01-10,19099.0,3,50.0
M00681,2022-04-25,3532.0,3,24.0
M00906,2022-06-06,8328.0,3,40.0
M00515,2022-10-31,11369.0,0,4.0
M00008,2022-11-14,15143.0,3,133.0
M00336,2022-03-21,3902.0,3,75.0
M00932,2023-01-09,19305.0,4,45.0
M00619,2022-03-28,2693.0,0,109.0
M00040,2023-05-29,16847.0,4,132.0
M00935,2023-04-17,10858.0,2,60.0
M00980,2023-05-08,19635.0,4,129.0
M00431,2023-04-03,18485.0,4,2.0
M00887,2022-04-11,14545.0,2,134.0
M00700,2023-11-27,18342.0,4,89.0
M00776,2023-03-06,3800.0,3,96.0
M00330,2023-05-22,2071.0,3,61.0
M00243,2022-06-13,16695.0,1,53.0
M00165,2023-05-01,,0,52.0
M00959,2023-02-27,5049.0,3,8.0
M00480,2023-05-08,5903.0,0,128.0
M00283,2023-07-10,9408.0,4,142.0
M00095,2023-07-17,19817.0,1,88.0
M00131,2023-10-16,11894.0,3,107.0
M00935,2023-05-15,7647.0,4,35.0
M00774,2022-01-17,8690.0,1,137.0
M00209,2023-09-11,16102.0,4,118.0
M00522,2022-07-18,5211.0,0,49.0
M00981,2022-05-23,10119.0,4,68.0
M00925,2023-01-09,18691.0,4,97.0
M00541,2022-02-07,15074.0,4,102.0
M00660,2023-08-28,12081.0,1,101.0
M00847,2022-03-14,12173.0,4,15.0
M00578,2023-05-01,6487.0,1,78.0
M00481,2022-07-04,15938.0,1,41.0
M00524,2023-09-25,18470.0,2,1.0
M00525,2023-06-19,2865.0,4,39.0
M00364,2023-02-20,13940.0,3,58.0
M00423,2023-05-22,10344.0,1,60.0
M00935,2023-05-15,2617.0,4,75.0
M00614,2022-07-04,12529.0,3,35.0
M00685,2022-08-08,11710.0,0,30.0
M00213,2023-10-09,5921.0,3,122.0
M00169,2022-08-15,16219.0,1,6.0
M00208,2022-01-31,2937.0,1,122.0
M00994,2023-12-11,15158.0,1,89.0
M00859,2022-02-28,3614.0,2,19.0
M00427,2022-03-28,9435.0,3,97.0
M00574,2023-11-06,17694.0,4,144.0
M00899,2023-10-16,5407.0,4,5.0
M00521,2023-09-11,14092.0,1,122.0
M00940,2022-02-07,16802.0,3,85.0
M00637,2023-12-18,5654.0,0,80.0
M00674,2023-05-29,3264.0,3,147.0
M00019,2022-09-05,14283.0,4,105.0
M00486,2022-12-12,19936.0,1,40.0
M00858,2023-02-27,13521.0,3,91.0
M00087,2022-11-28,15302.0,2,113.0
M00530,2023-07-31,6318.0,1,108.0
M00237,2022-03-14,7645.0,2,134.0
M00174,2022-04-25,18868.0,1,66.0
M00104,2022-01-10,12430.0,4,143.0
M00937,2022-02-14,8409.0,0,76.0
M00237,2023-01-30,14844.0,3,49.0
M00638,2022-08-01,8359.0,3,81.0
M00561,2023-02-13,12385.0,1,43.0
M00102,2023-10-23,16858.0,0,30.0
M00948,2022-11-14,8897.0,0,66.0
M00586,2023-07-17,9349.0,4,2.0
M00171,2023-07-03,17851.0,2,89.0
M00138,2022-02-14,7248.0,3,102.0
M00597,2023-10-16,4612.0,1,101.0
M00678,2023-12-18,7983.0,0,74.0
M00038,2022-04-04,15344.0,3,100.0
M00943,2023-10-23,10274.0,3,6.0
M00391,2022-02-28,5096.0,3,26.0
M00761,2022-02-28,7193.0,0,6.0
M00780,2022-01-10,7763.0,4,7.0
M00820,2023-08-21,4477.0,3,99.0
M00617,2022-04-18,13766.0,0,41.0
M00417,2022-01-10,3989.0,0,84.0
M00985,2023-07-03,11611.0,1,60.0
M00860,2023-05-01,14989.0,4,19.0
M00024,2022-06-06,11043.0,4,78.0
M00432,2022-07-11,9485.0,4,86.0
M00287,2022-10-24,15629.0,0,78.0
M00082,2023-03-13,8309.0,0,50.0
M00255,2022-04-25,8288.0,4,73.0
M00535,2022-09-05,12761.0,0,129.0
M00327,2022-05-09,13552.0,4,115.0
M00498,2022-01-31,9204.0,1,127.0
M00584,2022-06-06,10577.0,2,29.0
M00630,2022-05-09,17277.0,2,90.0
M00399,2022-01-03,,2,144.0
M00550,2022-07-04,17892.0,2,100.0
M00156,2022-10-24,4165.0,1,48.0
M00859,2022-06-20,2197.0,0,3.0
M00127,2023-01-09,11697.0,1,28.0
M00277,2022-02-07,11208.0,3,136.0
M00027,2023-11-27,4515.0,0,80.0
M00943,2023-07-17,17950.0,4,73.0
M00568,2023-06-12,9670.0,3,80.0
M00637,2022-06-20,18022.0,3,107.0
M00874,2023-05-29,19641.0,1,114.0
M00910,2022-11-14,17722.0,3,16.0
M00021,2023-12-18,,1,89.0
M00526,2023-02-13,7018.0,3,47.0
M00241,2023-01-16,18720.0,1,112.0
M00107,2022-06-13,7608.0,0,37.0
M00582,2023-06-05,16027.0,3,0.0
M00716,2022-06-13,,1,54.0
M00540,2022-01-17,,2,137.0
M00881,2022-10-03,13493.0,2,115.0
M00221,2022-05-16,18358.0,3,54.0
M00933,2023-08-28,2099.0,1,94.0
M00614,2023-04-24,16941.0,0,124.0
M00067,2023-11-27,19404.0,3,23.0
M00636,2023-06-19,4331.0,0,27.0
M00801,2023-11-27,18148.0,1,91.0
M00242,2023-05-01,19259.0,2,107.0
M00524,2023-04-03,15910.0,1,50.0
M00396,2023-10-09,9305.0,0,125.0
M00203,2023-04-24,16873.0,2,146.0
M00220,2023-07-03,15601.0,3,92.0
M00691,2022-02-21,7889.0,2,122.0
M00419,2023-11-13,2990.0,3,4.0
M00226,2023-01-16,15038.0,3,91.0
M00214,2022-09-12,18426.0,2,54.0
M00359,2023-09-18,4035.0,2,45.0
M00501,2023-05-22,11837.0,0,142.0
M00471,2023-05-15,6242.0,2,149.0
M00780,2022-04-04,14189.0,4,61.0
M00019,2022-11-28,11918.0,2,73.0
M00351,2023-09-11,5740.0,0,131.0
M00315,2023-11-13,19227.0,4,42.0
M00885,2023-04-10,17303.0,4,37.0
M00781,2022-08-08,19460.0,1,142.0
M00787,2022-09-05,9265.0,4,10.0
M00676,2022-01-31,5927.0,3,24.0
M00214,2023-07-03,9499.0,0,38.0
M00492,2023-10-02,13200.0,1,55.0
M00222,2022-05-02,4231.0,2,100.0
M00900,2022-03-14,10258.0,4,99.0
M00269,2023-05-29,4080.0,1,111.0
M00084,2022-01-24,7286.0,3,107.0
M00743,2022-05-16,11739.0,1,147.0
M00902,2022-01-31,19652.0,3,51.0
M00044,2023-03-13,6691.0,1,33.0
M00588,2023-01-09,8762.0,1,44.0
M00976,2023-03-27,2601.0,2,75.0
M00877,2023-06-19,9044.0,2,99.0
M00849,2023-08-21,,2,3.0
M00904,2022-03-28,4582.0,1,12.0
M00161,2023-07-03,13042.0,4,58.0
M00748,2023-05-22,2095.0,1,66.0
M00377,2022-01-17,17669.0,2,144.0
M00308,2022-01-10,10425.0,1,121.0
M00871,2022-03-21,14976.0,4,44.0
M00117,2023-09-04,6677.0,3,46.0
M00972,2023-07-24,15517.0,0,95.0
M00602,2023-01-23,18164.0,2,111.0
M00339,2023-02-06,3235.0,1,111.0
M00781,2023-11-27,17239.0,4,123.0
M00888,2023-09-11,10187.0,2,59.0
M00766,2022-12-26,17032.0,2,0.0
M00650,2022-04-11,15807.0,3,33.0
M00930,2022-01-03,15126.0,0,93.0
M00607,2023-05-15,18936.0,1,40.0
M00667,2023-12-04,9966.0,1,50.0
M00954,2023-05-08,9700.0,2,4.0
M00707,2023-11-20,,4,87.0
M00940,2023-12-11,10722.0,2,137.0
M00325,2022-11-07,17374.0,3,146.0
M00005,2022-04-18,15933.0,0,119.0
M00421,2022-04-25,12363.0,3,49.0
M00071,2023-12-11,15616.0,4,77.0
M00104,2022-07-25,5089.0,1,91.0
M00056,2022-09-12,8227.0,4,131.0
M00307,2022-05-02,6800.0,3,60.0
M00824,2023-11-27,2917.0,1,110.0
M00496,2023-06-12,13451.0,0,88.0
M00170,2023-10-02,16703.0,2,101.0
M00141,2022-03-14,4067.0,0,136.0
M00034,2023-02-20,16074.0,2,81.0
M00356,2023-02-13,4404.0,0,85.0
M00418,2023-05-01,10963.0,1,67.0
M00053,2022-06-27,15906.0,1,99.0
M00003,2023-07-10,16393.0,1,58.0
M00330,2022-09-19,17413.0,2,12.0
M00762,2022-02-28,19100.0,1,78.0
M00619,2023-07-24,11272.0,4,96.0
M00611,2023-11-06,17963.0,2,47.0
M00805,2023-07-31,8429.0,1,97.0
M00692,2023-05-22,4556.0,1,53.0
M00646,2022-11-14,3457.0,0,48.0
M00149,2022-10-31,5837.0,4,149.0
M00506,2022-10-17,4695.0,4,47.0
M00301,2023-05-22,6511.0,2,91.0
M00133,2023-04-24,12373.0,4,104.0
M00259,2022-06-06,9029.0,1,24.0
M00276,2022-08-22,18341.0,2,20.0
M00990,2023-12-11,5762.0,3,25.0
M00716,2022-05-30,2222.0,0,103.0
M00061,2023-04-24,16450.0,0,128.0
M00931,2023-03-27,16661.0,3,72.0
M00672,2022-06-27,19398.0,2,4.0
M00147,2023-07-24,3018.0,3,144.0
M00655,2023-01-16,10417.0,4,52.0
M00842,2023-09-18,6582.0,1,107.0
M00825,2022-04-11,7269.0,3,82.0
M00666,2023-04-03,18068.0,3,103.0
M00838,2023-01-02,13319.0,4,28.0
M00496,2023-07-03,8353.0,2,114.0
M00623,2022-03-14,6411.0,1,75.0
M00602,2023-02-06,11778.0,1,135.0
M00898,2023-08-07,6495.0,0,106.0
M00561,2022-10-17,11707.0,1,42.0
M00944,2023-07-17,2768.0,1,142.0
M00416,2023-04-24,14618.0,1,89.0
M00131,2022-08-15,7290.0,1,125.0
M00723,2022-10-31,14392.0,4,96.0
M00228,2023-09-11,14193.0,0,20.0
M00916,2022-02-14,5292.0,3,146.0
M00765,2023-11-13,8111.0,0,95.0
M00094,2023-07-03,9224.0,2,0.0
M00677,2022-12-26,17911.0,3,25.0
M00621,2022-03-28,7227.0,0,53.0
M00916,2022-08-08,5147.0,0,44.0
M00572,2022-09-26,13309.0,0,50.0
M00098,2023-06-26,5947.0,0,27.0
M00187,2023-03-13,12689.0,0,7.0
M00748,2022-05-16,8051.0,0,89.0
M00593,2022-04-18,18106.0,4,4.0
M00554,2022-07-25,11141.0,4,10.0
M00663,2022-05-09,16258.0,3,84.0
M00425,2023-08-21,9475.0,1,121.0
M00585,2023-12-04,2404.0,0,45.0
M00539,2023-05-29,7755.0,1,139.0
M00593,2023-05-15,14061.0,4,12.0
M00745,2023-10-09,5720.0,2,115.0
M00174,2023-06-26,18671.0,0,92.0
M00785,2023-06-05,6167.0,3,7.0
M00625,2022-07-25,3818.0,1,101.0
M00898,2023-11-06,6649.0,3,136.0
M00762,2022-08-22,13484.0,0,131.0
M00763,2022-09-26,3940.0,1,96.0
M00527,2022-12-05,3067.0,1,54.0
M00971,2023-12-04,2989.0,0,105.0
M00886,2023-12-04,10480.0,2,122.0
M00953,2022-01-31,8143.0,0,70.0
M00485,2022-10-24,,3,54.0
M00169,2022-11-21,5107.0,4,95.0
M00585,2023-02-13,6633.0,4,56.0
M00782,2023-04-24,19558.0,4,100.0
M00776,2022-04-25,11997.0,1,97.0
M00844,2022-05-09,17639.0,1,72.0
M00903,2022-11-14,15686.0,0,69.0
M00579,2023-01-23,9780.0,1,21.0
M00922,2022-06-27,17477.0,3,142.0
M00771,2023-04-03,13219.0,0,95.0
M00430,2022-04-04,19027.0,3,145.0
M00132,2022-12-26,6974.0,4,10.0
M00953,2023-10-02,14392.0,3,96.0
M00124,2022-01-24,17184.0,4,131.0
M00736,2022-01-17,18938.0,1,33.0
M00174,2023-07-03,8069.0,0,47.0
M00782,2022-05-30,18916.0,2,82.0
M00387,2022-12-12,9831.0,3,47.0
M00141,2023-03-20,2633.0,0,75.0
M00648,2023-07-31,19340.0,2,39.0
M00440,2023-11-13,19707.0,0,40.0
M00742,2022-03-07,13653.0,2,149.0
M00898,2023-01-23,11549.0,0,110.0
M00614,2023-11-13,13840.0,4,63.0
M00372,2022-04-18,4718.0,2,48.0
M00814,2022-09-12,15238.0,0,117.0
M00287,2023-11-27,6209.0,2,91.0
M00999,2023-01-16,5657.0,4,14.0
M00091,2022-05-30,10251.0,2,131.0
M00209,2022-08-08,2926.0,2,135.0
M00547,2022-10-31,14240.0,0,126.0
M00574,2023-07-17,10486.0,3,59.0
M00942,2023-05-22,2615.0,4,126.0
M00152,2022-12-26,19967.0,0,89.0
M00577,2022-08-15,12319.0,1,130.0
M00221,2023-11-06,5855.0,2,134.0
M00858,2022-01-10,5507.0,1,78.0
M00300,2022-04-04,16708.0,0,144.0
M00355,2023-12-04,10538.0,3,123.0
M00563,2023-02-27,13701.0,4,9.0
M00620,2023-11-06,7256.0,0,79.0
M00856,2023-03-27,5224.0,3,111.0
M00686,2023-08-21,14631.0,0,25.0
M00801,2022-07-25,18603.0,3,21.0
M00192,2022-07-04,16763.0,1,142.0
M00410,2023-03-20,3200.0,3,57.0
M00357,2022-08-15,17841.0,4,59.0
M00679,2023-01-02,7834.0,1,75.0
M00244,2023-07-10,16838.0,2,130.0
M00767,2022-03-07,,1,1.0
M00058,2022-07-04,8053.0,1,125.0
M00883,2022-09-12,2704.0,2,58.0
M00026,2022-01-10,6944.0,1,56.0
M00486,2023-10-16,15296.0,1,107.0
M00117,2022-10-24,6048.0,2,139.0
M00242,2023-07-31,17369.0,2,74.0
M00230,2022-05-09,4929.0,4,0.0
M00843,2023-11-20,4451.0,1,98.0
M00765,2022-03-14,3247.0,1,53.0
M00093,2022-12-26,19154.0,1,42.0
M00221,2022-08-08,6356.0,4,142.0
M00707,2023-07-10,,1,6.0
M00713,2023-07-17,,2,5.0
M00227,2022-07-18,4373.0,2,19.0
M00569,2023-08-07,13238.0,2,87.0
M00582,2022-09-05,14515.0,2,37.0
M00760,2022-11-21,12839.0,3,75.0
M00585,2023-09-04,13556.0,2,2.0
M00767,2022-10-24,18391.0,4,11.0
M00776,2022-12-26,8768.0,3,79.0
M00603,2023-01-02,19452.0,1,14.0
M00126,2023-04-17,16793.0,2,117.0
M00290,2022-01-31,10713.0,1,54.0
M00499,2023-07-31,8485.0,2,94.0
M00472,2022-11-28,12471.0,2,81.0
M00752,2022-06-13,7598.0,3,5.0
M00837,2022-01-03,10940.0,2,63.0
M00522,2023-11-20,15575.0,2,34.0
M00724,2022-01-10,13564.0,0,10.0
M00022,2022-03-07,18256.0,4,22.0
M00908,2023-03-13,12905.0,4,56.0
M00157,2023-02-13,12581.0,1,80.0
M00671,2022-02-07,14394.0,1,69.0
M00262,2023-12-25,5895.0,3,113.0
M00110,2023-12-11,12698.0,1,62.0
M00775,2023-08-07,4680.0,0,79.0
M00501,2023-07-31,6038.0,1,28.0
M00865,2022-11-28,11609.0,2,143.0
M00366,2022-09-05,12821.0,1,105.0
M00975,2022-11-28,17070.0,1,17.0
M00013,2022-07-18,2259.0,2,144.0
M00063,2022-10-10,18660.0,0,73.0
M00024,2023-09-04,11001.0,4,99.0
M00862,2023-05-22,6560.0,0,47.0
M00353,2022-08-08,9539.0,0,86.0
M00340,2023-12-25,5326.0,3,18.0
M00019,2022-01-31,16033.0,3,74.0
M00851,2023-08-14,16987.0,2,40.0
M00742,2022-04-25,5358.0,3,4.0
M00088,2022-06-13,17033.0,4,5.0
M00581,2023-09-25,13983.0,2,130.0
M00150,2023-07-24,16376.0,3,44.0
M00828,2023-08-21,4763.0,1,74.0
M00790,2022-02-07,16192.0,3,111.0
M00092,2022-07-11,5276.0,4,106.0
M00145,2022-05-16,16974.0,3,109.0
M00863,2023-07-10,2460.0,2,47.0
M00175,2022-05-09,10737.0,1,131.0
M00391,2022-02-21,16292.0,2,48.0
M00145,2022-05-02,6139.0,1,97.0
M00460,2022-09-12,16076.0,1,43.0
M00958,2023-02-27,19742.0,4,28.0
M00703,2022-11-07,7467.0,0,25.0
M00135,2023-10-23,13653.0,4,126.0
M00541,2022-09-19,5556.0,0,60.0
M00237,2022-01-10,16119.0,0,39.0
M00712,2023-01-16,11477.0,4,101.0
M00772,2023-10-30,10148.0,3,18.0
M00872,2022-04-11,14755.0,4,141.0
M00630,2023-02-13,16636.0,2,34.0
M00784,2023-06-05,19594.0,2,81.0
M00592,2022-01-31,13741.0,2,91.0
M00342,2023-10-09,15801.0,2,146.0
M00587,2023-08-07,12725.0,0,88.0
M00699,2022-05-16,11140.0,0,78.0
M00041,2023-07-24,14954.0,4,112.0
M00246,2022-03-21,9543.0,1,130.0
M00828,2023-01-30,17556.0,1,86.0
M00459,2023-07-17,16895.0,0,139.0
M00965,2023-04-17,10183.0,3,95.0
M00570,2022-05-09,7368.0,0,91.0
M00742,2023-08-28,2231.0,3,137.0
M00624,2022-07-04,5534.0,1,113.0
M00204,2023-01-02,3646.0,0,26.0
M00552,2022-10-17,12568.0,4,75.0
M00473,2022-11-07,16190.0,2,99.0
M00058,2023-06-26,19176.0,1,96.0
M00189,2023-04-17,4790.0,0,67.0
M00685,2023-04-17,10278.0,0,148.0
M00589,2022-06-13,4027.0,2,147.0
M00048,2023-08-28,17982.0,1,113.0
M00090,2022-09-05,4446.0,4,144.0
M00523,2023-06-05,8889.0,4,115.0
M00568,2023-11-06,19807.0,4,45.0
M00488,2023-12-11,16797.0,1,77.0
M00791,2022-01-31,18464.0,4,9.0
M00973,2022-07-04,12953.0,3,120.0
M00545,2022-09-12,12332.0,0,147.0
M00180,2022-07-04,13113.0,3,61.0
M00116,2023-10-23,19464.0,1,78.0
M00028,2023-06-12,15834.0,4,89.0
M00115,2022-11-21,2719.0,4,139.0
M00900,2023-03-20,11818.0,4,23.0
M00220,2022-02-07,8764.0,2,52.0
M00738,2023-06-12,5354.0,2,32.0
M00755,2023-01-23,12444.0,4,68.0
M00179,2022-04-04,16807.0,0,72.0
M00394,2022-05-30,18648.0,2,103.0
M00820,2023-01-16,11132.0,1,99.0
M00712,2023-06-05,18647.0,4,88.0
M00777,2023-12-25,13255.0,0,
M00786,2022-12-26,17825.0,2,97.0
M00706,2023-12-18,11824.0,1,6.0
M00594,2023-01-23,6102.0,2,
M00680,2023-12-11,13852.0,1,115.0
M00066,2023-06-19,17487.0,4,60.0
M00022,2022-02-07,18782.0,0,31.0
M00336,2022-05-16,10375.0,3,58.0
M00101,2023-01-09,8583.0,2,78.0
M00352,2022-01-10,4852.0,0,29.0
M00842,2023-06-05,17592.0,3,3.0
M00873,2023-05-15,16812.0,4,33.0
M00930,2022-07-25,6403.0,1,136.0
M00176,2023-09-25,8889.0,4,59.0
M00272,2023-01-09,2606.0,0,114.0
M00049,2022-01-24,11261.0,0,28.0
M00354,2023-05-08,19733.0,2,53.0
M00613,2022-11-21,9626.0,3,120.0
M00575,2023-09-04,8358.0,3,21.0
M00936,2023-10-30,13078.0,2,19.0
M00312,2022-05-09,10632.0,4,36.0
M00354,2022-10-17,10771.0,3,127.0
M00876,2023-11-20,3323.0,4,50.0
M00845,2022-10-17,19693.0,1,72.0
M00944,2022-12-19,14926.0,0,116.0
M00037,2022-01-17,17745.0,1,65.0
M00908,2023-07-24,13731.0,2,61.0
M00719,2022-09-12,11960.0,3,43.0
M00734,2022-05-30,10717.0,1,113.0
M00735,2022-08-15,11829.0,0,22.0
M00349,2023-12-11,15178.0,3,92.0
M00354,2023-12-18,3201.0,4,10.0
M00544,2023-11-13,16278.0,3,60.0
M00364,2022-12-05,19952.0,0,122.0
M00663,2023-08-28,18392.0,3,21.0
M00586,2023-01-09,7470.0,1,2.0
M00584,2023-03-06,8919.0,2,64.0
M00277,2022-08-29,18586.0,1,89.0
M00203,2022-07-18,12502.0,3,60.0
M00908,2023-04-03,14852.0,4,92.0
M00945,2022-12-12,14814.0,3,52.0
M00509,2022-04-04,5531.0,0,24.0
M00615,2022-11-28,9367.0,1,49.0
M00175,2022-10-31,17396.0,1,46.0
M00211,2023-05-15,10141.0,3,121.0
M00253,2022-01-03,18218.0,2,99.0
M00354,2022-07-11,19998.0,3,65.0
M00318,2022-01-17,15267.0,2,12.0
M00806,2023-05-08,2661.0,3,14.0
M00866,2023-11-13,12217.0,1,5.0
M00366,2022-11-28,15744.0,2,84.0
M00154,2022-08-08,14835.0,0,41.0
M00296,2022-02-28,18477.0,2,81.0
M00656,2023-11-20,8619.0,4,5.0
M00531,2023-01-30,14453.0,0,77.0
M00946,2023-07-31,19447.0,3,145.0
M00952,2022-11-14,11279.0,4,42.0
M00541,2023-02-06,7571.0,0,147.0
M00365,2023-01-23,16093.0,3,108.0
M00934,2022-04-11,5044.0,2,47.0
M00701,2023-10-23,16717.0,3,75.0
M00676,2023-02-27,6370.0,1,128.0
M00341,2022-04-18,17987.0,0,118.0
M00266,2022-11-14,19513.0,2,13.0
M00175,2023-12-04,17850.0,3,66.0
M00983,2023-05-08,5648.0,2,9.0
M00684,2022-08-29,8200.0,2,73.0
M00508,2023-10-09,5351.0,0,64.0
M00628,2023-04-03,2613.0,2,31.0
M00364,2023-01-30,6267.0,0,82.0
M00958,2022-08-22,9272.0,2,64.0
M00251,2023-11-20,16275.0,2,25.0
M00519,2022-08-01,10197.0,3,64.0
M00486,2022-03-21,15345.0,4,139.0
M00197,2023-03-27,13893.0,0,35.0
M00275,2022-11-21,11823.0,1,54.0
M00366,2023-10-09,13988.0,0,88.0
M00545,2023-03-27,2555.0,2,7.0
M00664,2022-01-03,,4,26.0
M00535,2023-07-03,14892.0,0,127.0
M00255,2023-04-10,6342.0,2,59.0
M00086,2022-04-04,8916.0,1,143.0
M00868,2023-01-09,10508.0,3,55.0
M00181,2022-03-07,10945.0,3,124.0
M00878,2023-04-10,17707.0,0,31.0
M00149,2023-08-07,13338.0,0,78.0
M00338,2022-12-12,13131.0,1,20.0
M00614,2023-11-27,19493.0,3,55.0
M00091,2023-09-25,9627.0,2,92.0
M00549,2022-09-05,6164.0,0,53.0
M00049,2022-03-14,3385.0,4,19.0
M00921,2022-01-17,12209.0,3,128.0
M00039,2023-09-04,15487.0,2,73.0
M00542,2022-09-26,3733.0,3,145.0
M00555,2022-03-07,3577.0,1,112.0
M00206,2023-09-18,8740.0,4,58.0
M00226,2022-12-19,10006.0,2,127.0
M00438,2022-08-08,19124.0,2,127.0
M00032,2022-12-26,12792.0,0,140.0
M00638,2023-05-15,12046.0,1,31.0
M00095,2022-11-21,4478.0,1,69.0
M00433,2022-03-28,15662.0,2,2.0
M00002,2023-04-10,4963.0,3,132.0
M00511,2023-01-02,5291.0,2,113.0
M00303,2023-01-02,12816.0,2,11.0
M00487,2022-04-11,5793.0,2,32.0
M00611,2023-01-02,4460.0,2,26.0
M00535,2023-08-14,9550.0,2,112.0
M00390,2022-10-17,13813.0,2,124.0
M00853,2022-07-18,19000.0,3,12.0
M00730,2022-11-21,17310.0,4,109.0
M00734,2023-09-25,10906.0,4,122.0
M00297,2022-07-25,13474.0,0,104.0
M00512,2022-04-04,10709.0,4,63.0
M00810,2023-07-03,13464.0,3,121.0
M00990,2023-02-13,15163.0,2,131.0
M00949,2023-03-20,5114.0,1,43.0
M00584,2022-10-31,10898.0,3,17.0
M00679,2022-04-04,4295.0,1,17.0
M00225,2022-06-20,15676.0,0,5.0
M00650,2023-09-25,10972.0,3,42.0
M00210,2022-10-31,18063.0,2,8.0
M00112,2023-02-27,7678.0,2,10.0
M00740,2022-01-10,10462.0,3,78.0
M00745,2023-07-17,5652.0,3,16.0
M00503,2023-07-03,14913.0,2,89.0
M00562,2023-09-25,7925.0,1,13.0
M00331,2023-05-29,7361.0,3,38.0
M00748,2022-10-24,8237.0,2,119.0
M00392,2022-02-28,15275.0,4,54.0
M00769,2023-02-27,14582.0,3,8.0
M00712,2023-04-10,14028.0,0,26.0
M00709,2022-06-13,17379.0,0,90.0
M00513,2023-03-27,15049.0,3,59.0
M00451,2022-09-19,7523.0,2,29.0
M00283,2023-05-01,18156.0,1,89.0
M00365,2022-01-31,12655.0,3,102.0
M00189,2023-04-17,5207.0,0,123.0
M00125,2023-04-10,4710.0,1,103.0
M00688,2022-07-25,16450.0,4,57.0
M00791,2023-11-27,18133.0,1,64.0
M00940,2023-08-28,3529.0,4,125.0
M00487,2023-03-06,2179.0,0,88.0
M00936,2022-02-14,4695.0,4,27.0
M00907,2022-12-19,14064.0,1,9.0
M00877,2022-08-08,14477.0,0,10.0
M00651,2023-05-29,19344.0,1,29.0
M00868,2023-12-04,9358.0,3,
M00614,2023-11-06,4775.0,1,27.0
M00799,2022-06-27,17007.0,3,19.0
M00956,2022-10-24,13429.0,3,139.0
M00311,2023-03-06,3281.0,4,132.0
M00408,2022-08-01,14523.0,3,29.0
M00318,2023-10-16,3417.0,4,137.0
M00147,2022-06-06,2740.0,3,90.0
M00501,2023-03-20,13748.0,0,75.0
M00352,2023-10-09,6555.0,4,65.0
M00808,2023-05-15,13748.0,1,36.0
M00358,2023-01-16,2470.0,4,114.0
M00273,2022-04-18,12193.0,0,113.0
M00946,2022-02-28,14538.0,3,135.0
M00867,2022-01-24,19573.0,0,56.0
M00510,2023-07-31,11421.0,2,66.0
M00012,2022-09-26,19528.0,0,27.0
M00143,2022-10-31,10874.0,0,141.0
M00167,2022-10-10,14566.0,0,138.0
M00269,2022-03-28,13800.0,1,106.0
M00094,2023-06-12,19893.0,1,136.0
M00106,2023-05-22,5739.0,0,121.0
M00787,2022-03-21,5933.0,2,146.0
M00713,2022-06-13,7627.0,2,134.0
M00313,2022-11-28,15530.0,4,16.0
M00604,2023-06-19,9367.0,0,126.0
M00236,2023-11-20,10047.0,4,47.0
M00060,2022-08-08,10274.0,3,86.0
M00747,2022-09-19,15164.0,2,75.0
M00696,2023-06-26,19259.0,3,88.0
M00409,2023-04-03,15587.0,3,77.0
M00360,2023-01-09,10184.0,0,57.0
M00233,2022-05-23,3564.0,2,134.0
M00900,2022-08-01,19031.0,4,106.0
M00948,2023-03-20,13325.0,3,61.0
M00639,2022-12-26,19573.0,0,142.0
M00101,2022-08-29,7430.0,1,66.0
M00647,2022-04-18,17764.0,2,125.0
M00745,2022-10-03,7115.0,1,52.0
M00580,2023-09-18,15611.0,4,144.0
M00087,2022-09-19,17274.0,4,112.0
M00748,2023-01-30,2154.0,4,109.0
M00108,2022-01-17,3115.0,2,147.0
M00454,2022-09-12,14292.0,3,126.0
M00941,2023-11-27,14287.0,0,128.0
M00649,2023-12-11,9358.0,3,95.0
M00377,2022-01-10,15862.0,2,120.0
M00777,2023-08-21,,1,117.0
M00981,2022-01-17,7203.0,0,84.0
M00387,2023-12-25,16548.0,4,30.0
M00845,2022-11-21,8614.0,1,16.0
M00063,2023-09-18,14508.0,3,88.0
M00230,2022-07-04,9888.0,0,40.0
M00978,2023-03-13,19559.0,4,115.0
M00375,2022-09-19,16396.0,0,48.0
M00238,2022-10-31,15587.0,3,89.0
M00991,2022-02-21,6921.0,2,54.0
M00861,2022-06-06,11150.0,3,135.0
M00247,2022-02-07,8858.0,2,31.0
M00386,2022-06-20,5293.0,4,89.0
M00671,2023-02-13,10891.0,3,37.0
M00038,2023-01-30,3623.0,3,76.0
M00244,2023-02-06,6236.0,3,18.0
M00519,2022-04-18,4550.0,3,5.0
M00360,2022-06-27,12609.0,2,121.0
M00394,2023-07-03,3292.0,2,123.0
M00077,2022-11-21,10071.0,1,118.0
M00443,2023-10-30,3553.0,4,44.0
M00769,2022-10-03,6769.0,4,15.0
M00037,2022-05-09,5729.0,2,92.0
M00409,2023-06-26,11272.0,1,28.0
M00350,2022-10-31,14667.0,1,51.0
M00578,2023-11-20,6977.0,3,80.0
M00612,2022-06-27,18974.0,1,105.0
M00984,2022-12-26,14950.0,4,111.0
M00844,2022-09-12,5778.0,0,124.0
M00261,2023-06-19,18072.0,2,68.0
M00824,2022-11-21,6373.0,3,95.0
M00463,2023-05-15,18467.0,1,28.0
M00554,2022-04-04,12384.0,2,92.0
M00448,2022-06-27,10140.0,2,130.0
M00049,2022-11-21,19128.0,2,67.0
M00814,2023-10-16,4248.0,4,43.0
M00071,2023-12-25,14796.0,3,24.0
M00246,2022-03-28,10553.0,0,149.0
M00002,2023-11-27,3215.0,3,74.0
M00835,2022-03-14,16686.0,1,7.0
M00900,2022-01-10,3158.0,3,124.0
M00062,2022-07-25,9868.0,4,26.0
M00880,2022-06-13,15131.0,0,138.0
M00848,2023-07-24,19328.0,3,134.0
M00539,2022-06-06,7113.0,1,123.0
M00342,2023-05-01,6803.0,3,90.0
M00067,2023-06-05,14020.0,4,50.0
M00881,2022-02-14,17456.0,2,20.0
M00378,2022-11-21,13418.0,4,89.0
M00657,2023-11-06,13987.0,4,108.0
M00726,2022-03-07,18387.0,4,116.0
M00948,2023-08-14,6754.0,0,16.0
M00839,2023-05-22,14477.0,3,141.0
M00057,2022-07-25,7063.0,1,129.0
M00286,2022-11-28,13944.0,2,149.0
M00456,2022-06-20,,2,105.0
M00723,2023-09-11,3612.0,0,27.0
M00455,2022-06-13,16791.0,1,133.0
M00193,2022-03-21,6529.0,2,146.0
M00912,2023-05-08,17945.0,1,55.0
M00626,2022-08-22,,1,20.0
M00505,2022-01-17,,3,19.0
M00122,2022-02-07,15899.0,0,90.0
M00872,2023-02-13,6322.0,4,126.0
M00479,2022-07-04,7963.0,4,120.0
M00103,2023-07-31,9153.0,2,30.0
M00667,2023-05-15,10870.0,2,8.0
M00586,2022-09-05,6418.0,0,49.0
M00354,2023-02-27,13478.0,3,80.0
M00175,2023-12-18,4556.0,2,31.0
M00014,2023-11-27,9795.0,2,116.0
M00898,2023-07-24,4387.0,1,26.0
M00679,2023-05-08,12478.0,0,1.0
M00567,2023-03-27,,4,0.0
M00470,2022-01-31,19178.0,0,126.0
M00026,2022-10-17,12693.0,4,7.0
M00044,2022-04-04,5781.0,1,137.0
M00581,2023-03-27,17846.0,3,68.0
M00038,2022-03-21,9225.0,4,113.0
M00848,2023-07-31,19361.0,1,47.0
M00524,2022-01-10,11088.0,3,115.0
M00105,2022-04-04,14529.0,1,116.0
M00756,2023-04-10,2075.0,3,80.0
M00364,2023-11-20,14635.0,2,124.0
M00490,2023-06-19,5602.0,3,32.0
M00273,2023-04-10,3657.0,4,91.0
M00793,2022-04-04,16477.0,3,81.0
M00704,2022-08-22,7849.0,0,121.0
M00088,2022-11-07,16167.0,3,22.0
M00651,2022-02-28,13935.0,1,81.0
M00658,2022-03-07,6869.0,4,42.0
M00676,2022-02-21,6208.0,2,106.0
M00771,2022-07-18,16828.0,2,73.0
M00339,2023-02-27,2349.0,1,137.0
M00326,2023-01-09,5090.0,2,99.0
M00599,2022-09-26,7848.0,4,105.0
M01000,2022-08-15,3523.0,1,76.0
M00839,2022-06-06,2641.0,4,128.0
M00367,2023-05-15,10190.0,2,143.0
M00876,2022-10-03,5496.0,2,18.0
M00751,2023-12-11,12750.0,0,75.0
M00777,2022-06-06,14395.0,1,132.0
M00706,2023-02-13,16440.0,3,61.0
M00640,2022-12-12,10480.0,1,132.0
M00122,2023-11-27,16966.0,4,120.0
M00756,2023-03-20,8045.0,2,134.0
M00559,2023-01-23,8433.0,0,107.0
M00946,2022-10-24,8163.0,1,77.0
M00320,2023-08-07,8461.0,4,32.0
M00365,2023-02-06,12241.0,0,5.0
M00624,2022-03-21,3623.0,0,81.0
M00303,2022-09-05,18636.0,0,133.0
M00075,2023-05-22,14917.0,2,50.0
M00451,2023-11-06,16561.0,4,11.0
M00381,2022-02-07,8482.0,0,113.0
M00298,2022-08-08,7778.0,2,121.0
M00305,2023-03-27,18751.0,2,131.0
M00030,2023-02-20,15803.0,2,0.0
M00008,2023-01-09,11762.0,1,51.0
M00421,2022-06-13,16995.0,2,52.0
M00853,2022-07-18,4030.0,4,92.0
M00008,2022-02-21,15945.0,3,13.0
M00751,2022-03-28,14700.0,1,148.0
M00191,2023-03-13,12638.0,0,104.0
M00128,2022-06-20,9558.0,2,
M00523,2022-07-18,12037.0,1,60.0
M00256,2023-02-13,4296.0,1,14.0
M00233,2023-02-27,12423.0,4,105.0
M00377,2023-09-04,13457.0,0,8.0
M00698,2023-09-25,11761.0,3,59.0
M00633,2022-06-27,14116.0,3,55.0
M00930,2023-08-07,7204.0,1,142.0
M00679,2023-04-17,3408.0,1,84.0
M00656,2022-05-30,19102.0,0,104.0
M00839,2022-02-14,18954.0,1,87.0
M00900,2023-01-30,9010.0,2,6.0
M00352,2023-03-06,19432.0,3,23.0
M00613,2022-05-02,5074.0,2,56.0
M00430,2022-03-07,2853.0,4,63.0
M00022,2022-08-01,12853.0,1,24.0
M00711,2022-06-27,6289.0,0,53.0
M00269,2023-01-16,19213.0,4,85.0
M00082,2023-09-18,19076.0,4,33.0
M00682,2022-06-20,7496.0,0,0.0
M00930,2022-12-26,9920.0,4,
M00511,2022-05-02,4700.0,2,36.0
M00013,2022-06-13,8628.0,4,29.0
M00994,2022-04-11,19958.0,0,113.0
M00925,2022-02-21,17388.0,3,129.0
M00894,2022-10-24,9192.0,1,47.0
M00943,2023-09-11,7568.0,0,101.0
M00197,2023-11-20,12338.0,2,23.0
M00607,2022-06-13,3551.0,2,145.0
M00267,2023-12-25,6679.0,3,19.0
M00831,2023-12-11,13726.0,2,67.0
M00870,2023-08-14,14984.0,0,7.0
M00051,2023-03-27,13436.0,2,89.0
M00188,2022-06-27,10627.0,3,55.0
M00303,2023-05-29,19851.0,3,60.0
M00004,2022-06-27,3534.0,4,38.0
M00775,2023-04-03,17363.0,4,17.0
M00343,2022-10-03,3490.0,2,96.0
M00031,2022-04-04,8484.0,2,58.0
M00630,2022-08-15,13940.0,2,145.0
M00721,2023-01-30,11213.0,2,97.0
M00202,2022-09-26,2169.0,4,41.0
M00598,2022-01-03,6835.0,0,52.0
M00542,2023-10-16,2700.0,0,32.0
M00157,2022-09-12,2950.0,0,20.0
M00721,2022-05-02,,4,
M00043,2022-07-25,5830.0,0,32.0
M00085,2022-07-04,18681.0,0,131.0
M00406,2023-02-20,2509.0,4,129.0
M00688,2022-12-05,16494.0,1,39.0
M00743,2022-07-25,7893.0,2,49.0
M00360,2022-11-07,15074.0,2,62.0
M00432,2023-11-27,19824.0,1,109.0
M00880,2022-05-23,13623.0,3,93.0
M00953,2023-01-09,16077.0,0,63.0
M00150,2022-04-18,9581.0,1,137.0
M00923,2023-07-17,18202.0,0,84.0
M00983,2022-05-02,7229.0,1,113.0
M00319,2022-08-22,2448.0,2,115.0
M00260,2022-05-23,19017.0,0,36.0
M00858,2023-06-12,7886.0,4,71.0
M00487,2022-08-01,19402.0,2,137.0
M00890,2022-03-07,7646.0,2,32.0
M00977,2022-01-24,2917.0,2,16.0
M00003,2022-04-11,11015.0,0,114.0
M00337,2023-01-02,15498.0,3,23.0
M00747,2023-02-13,8937.0,1,29.0
M00936,2023-01-16,15926.0,1,64.0
M00339,2023-03-06,6273.0,4,125.0
M00999,2022-10-17,10790.0,3,80.0
M00594,2022-07-11,15263.0,2,
M00764,2022-02-14,4364.0,1,12.0
M00924,2022-03-14,15503.0,0,137.0
M00885,2022-07-18,2002.0,2,83.0
M00911,2022-08-22,7277.0,2,134.0
M00307,2023-10-16,7305.0,3,62.0
M00666,2023-09-25,17500.0,3,25.0
M00291,2022-06-20,8039.0,1,116.0
M00382,2023-01-23,12118.0,1,37.0
M00848,2023-12-11,6146.0,2,53.0
M00783,2022-10-03,8965.0,4,44.0
M00901,2023-08-28,5762.0,2,111.0
M00174,2023-10-09,6215.0,0,75.0
M00024,2023-03-13,2617.0,4,57.0
M00002,2022-12-12,19777.0,1,78.0
M00699,2022-03-14,17566.0,4,137.0
M00164,2023-02-20,3802.0,4,125.0
M00500,2023-03-20,10355.0,1,89.0
M00557,2022-01-24,12373.0,0,144.0
M00351,2023-11-27,11147.0,0,60.0
M00094,2022-08-01,17449.0,3,119.0
M00204,2023-05-29,12598.0,3,10.0
M00123,2023-01-09,14388.0,0,144.0
M00037,2023-07-10,16365.0,0,14.0
M00630,2023-01-23,2718.0,3,3.0
M00953,2023-10-16,12164.0,3,88.0
M00853,2023-11-20,19378.0,0,45.0
M00140,2022-10-31,15588.0,1,30.0
M00634,2023-07-17,19220.0,0,
M00744,2022-01-31,13538.0,1,47.0
M00229,2023-04-10,12488.0,1,
M00419,2023-07-10,12351.0,1,3.0
M00918,2023-04-17,9759.0,3,18.0
M00493,2022-02-28,3041.0,2,149.0
M00740,2022-01-24,16204.0,0,114.0
M00885,2023-08-14,17236.0,4,24.0
M00328,2023-05-29,6802.0,4,131.0
M00731,2023-10-23,14486.0,0,52.0
M00155,2023-07-17,7235.0,1,4.0
M00356,2022-04-18,13695.0,3,49.0
M00007,2023-12-18,12567.0,3,58.0
M00515,2023-05-01,4869.0,1,92.0
M00004,2023-10-16,17973.0,0,148.0
M00728,2022-04-11,11078.0,4,78.0
M00776,2022-12-26,4236.0,3,80.0
M00045,2022-08-01,8514.0,1,130.0
M00205,2023-10-16,6923.0,3,49.0
M00201,2023-12-04,4297.0,1,53.0
M00916,2023-07-10,16322.0,3,90.0
M00250,2022-10-31,4013.0,4,143.0
M00212,2022-09-05,4352.0,3,5.0
M00133,2022-01-10,17138.0,0,40.0
M00686,2022-07-11,6493.0,2,9.0
M00069,2022-10-03,9325.0,1,117.0
M00291,2023-03-13,4043.0,2,80.0
M00961,2023-03-13,4728.0,4,102.0
M00655,2022-04-25,18825.0,4,139.0
M00529,2022-09-19,10817.0,2,77.0
M00332,2022-09-05,16341.0,4,
M00430,2022-08-08,12755.0,4,42.0
M00760,2023-01-09,8976.0,1,102.0
M00740,2023-02-13,13319.0,1,86.0
M00445,2022-06-20,8113.0,1,6.0
M00171,2023-06-19,9555.0,0,139.0
M00378,2022-04-04,18474.0,0,12.0
M00847,2022-10-31,3517.0,0,126.0
M00206,2022-06-20,5812.0,0,146.0
M00603,2022-08-29,11432.0,2,130.0
M00626,2023-10-09,10376.0,1,106.0
M00022,2023-07-03,10386.0,4,119.0
M00137,2023-07-03,17398.0,3,11.0
M00303,2022-11-21,17399.0,0,127.0
M00725,2022-11-21,5152.0,4,83.0
M00003,2023-12-25,5674.0,1,65.0
M00436,2022-04-25,15426.0,2,26.0
M00799,2023-09-11,6380.0,4,2.0
M00013,2022-06-06,10337.0,3,47.0
M00514,2023-10-30,14260.0,4,148.0
M00367,2023-10-23,3898.0,1,114.0
M00974,2023-08-28,11685.0,4,51.0
M00775,2023-12-11,15023.0,2,134.0
M00797,2022-04-25,17345.0,1,50.0
M00900,2022-07-18,17317.0,0,44.0
M00132,2022-01-10,8434.0,1,45.0
M00856,2022-03-14,10271.0,4,32.0
M00746,2022-04-18,14659.0,3,35.0
M00917,2022-12-19,9787.0,1,16.0
M00755,2023-07-17,3185.0,1,133.0
M00685,2022-05-23,5059.0,1,115.0
M00383,2022-05-23,13212.0,1,148.0
M00924,2022-02-07,5934.0,4,37.0
M00998,2022-11-14,3437.0,0,48.0
M00264,2022-06-06,12360.0,3,60.0
M00554,2023-02-06,13928.0,1,57.0
M00145,2023-01-30,10029.0,3,75.0
M00393,2023-02-27,17558.0,4,11.0
M00494,2023-10-30,7694.0,0,145.0
M00445,2022-09-26,9360.0,1,5.0
M00852,2022-11-07,2150.0,0,94.0
M00325,2023-12-11,,1,88.0
M00867,2022-07-18,13716.0,1,87.0
M00809,2022-08-01,9382.0,2,105.0
M00925,2023-09-11,3765.0,3,10.0
M00460,2022-01-10,9494.0,0,20.0
M00566,2023-08-21,13908.0,3,54.0
M00672,2022-09-12,6000.0,3,115.0
M00223,2022-10-31,11113.0,3,8.0
M00735,2023-07-03,2954.0,0,94.0
M00961,2023-05-01,2084.0,1,117.0
M00889,2023-03-13,10609.0,1,37.0
M00555,2023-11-06,14441.0,1,132.0
M00581,2023-06-05,12953.0,1,100.0
M00883,2023-01-02,17891.0,1,95.0
M00100,2023-06-12,10564.0,1,100.0
M00716,2023-09-04,19478.0,4,144.0
M00208,2022-01-17,5273.0,4,35.0
M00272,2023-10-16,16393.0,1,35.0
M00917,2022-05-09,6864.0,0,140.0
M00161,2022-11-07,19566.0,3,19.0
M00666,2023-02-27,18007.0,3,50.0
M00899,2023-01-16,7327.0,0,15.0
M00791,2023-05-08,12477.0,4,5.0
M00089,2023-06-12,4898.0,3,137.0
M00694,2022-07-18,17547.0,4,145.0
M00340,2022-11-28,12941.0,2,95.0
M00047,2023-05-15,12001.0,3,105.0
M00756,2023-03-13,18065.0,2,46.0
M00761,2022-05-23,7092.0,2,23.0
M00753,2023-01-30,12588.0,2,109.0
M00118,2022-03-28,10513.0,2,92.0
M00676,2022-07-04,3203.0,1,103.0
M00803,2023-04-17,18194.0,1,44.0
M00171,2023-10-30,17230.0,0,82.0
M00417,2023-09-04,9549.0,3,0.0
M00517,2023-03-20,18509.0,0,26.0
M00772,2022-02-28,12613.0,2,21.0
M00570,2023-05-29,12954.0,0,27.0
M00436,2023-06-05,18253.0,1,34.0
M00200,2023-11-06,5597.0,4,2.0
M00459,2022-02-14,,4,43.0
M00875,2022-03-14,17587.0,4,132.0
M00434,2022-07-11,14364.0,4,134.0
M00411,2023-12-11,13090.0,4,97.0
M00650,2023-10-16,5624.0,3,110.0
M00379,2023-05-15,3610.0,2,56.0
M00830,2022-07-04,12110.0,1,84.0
M00890,2022-05-30,7296.0,4,80.0
M00749,2022-10-17,17940.0,3,20.0
M00148,2022-08-08,15192.0,1,97.0
M00800,2022-04-04,13275.0,4,143.0
M00816,2022-06-27,15424.0,2,136.0
M00219,2023-01-16,5853.0,0,2.0
M00177,2023-06-05,12559.0,2,
M00466,2023-05-08,12265.0,2,140.0
M00794,2023-01-16,2390.0,4,37.0
M00890,2022-11-07,14342.0,0,19.0
M00163,2022-07-25,16138.0,0,45.0
M00284,2023-04-03,17567.0,1,101.0
M00833,2023-11-20,16293.0,3,54.0
M00482,2022-06-27,10654.0,1,136.0
M00887,2023-09-11,11126.0,4,50.0
M00410,2022-01-03,18894.0,0,56.0
M00698,2023-10-09,6868.0,2,79.0
M00006,2022-06-13,100000.0,2,67.0
M00050,2023-01-16,16698.0,3,139.0
M00817,2023-12-11,7213.0,4,116.0
M00442,2023-03-27,4766.0,4,137.0
M00046,2022-06-20,14762.0,1,64.0
M00217,2023-11-13,19992.0,0,11.0
M00209,2022-10-17,10961.0,0,50.0
M00346,2022-10-31,2227.0,3,63.0
M00405,2023-04-24,12586.0,2,92.0
M00608,2022-03-21,2807.0,1,18.0
M00025,2022-02-21,8360.0,3,81.0
M00352,2023-03-13,18931.0,0,23.0
M00125,2023-06-26,14263.0,1,25.0
M00873,2022-05-16,7516.0,4,35.0
M00502,2022-10-03,12084.0,2,106.0
M00063,2023-05-22,19107.0,0,55.0
M00339,2022-01-31,13253.0,0,57.0
M00322,2022-01-03,18021.0,3,31.0
M00163,2022-03-14,18498.0,2,1.0
M00336,2022-01-24,8661.0,0,81.0
M00464,2022-09-19,6035.0,0,82.0
M00289,2022-04-25,16146.0,0,121.0
M00243,2023-04-17,8451.0,3,54.0
M00306,2022-08-08,9682.0,0,11.0
M00152,2022-01-31,15182.0,3,116.0
M00095,2022-05-30,6161.0,4,73.0
M00407,2023-06-26,14495.0,4,149.0
M00337,2023-08-14,14912.0,4,9.0
M00097,2023-07-24,2138.0,4,49.0
M00805,2023-04-10,19059.0,1,143.0
M00356,2022-03-14,12786.0,1,35.0
M00063,2023-12-18,3836.0,4,60.0
M00760,2023-11-27,13128.0,4,74.0
M00440,2023-09-25,10872.0,2,16.0
M00319,2023-12-11,13071.0,0,88.0
M00787,2022-06-20,6366.0,2,128.0
M00917,2022-10-17,4347.0,2,11.0
M00551,2023-12-18,19449.0,2,2.0
M00616,2022-08-29,15638.0,2,114.0
M00083,2023-07-03,13235.0,2,72.0
M00712,2023-02-13,5326.0,2,82.0
M00410,2022-11-28,18262.0,4,146.0
M00105,2023-08-14,10921.0,2,126.0
M00179,2022-01-17,10049.0,1,113.0
M00572,2022-06-13,11585.0,0,83.0
M00768,2023-04-24,2050.0,1,74.0
M00338,2023-12-04,8366.0,3,21.0
M00206,2022-08-15,10709.0,1,0.0
M00210,2023-09-04,10155.0,3,52.0
M00741,2023-05-01,14894.0,4,9.0
M00860,2022-11-21,14668.0,3,7.0
M00634,2023-01-02,16769.0,2,144.0
M00636,2022-11-07,12121.0,2,134.0
M00353,2023-05-08,7680.0,2,124.0
M00390,2023-07-31,11466.0,3,62.0
M00647,2023-01-30,4729.0,3,94.0
M00700,2023-08-14,11516.0,3,67.0
M00445,2023-05-01,17074.0,0,63.0
M00645,2022-10-03,18984.0,0,6.0
M00603,2022-01-17,14891.0,0,143.0
M00904,2022-12-05,3796.0,2,99.0
M00102,2022-04-04,10504.0,4,13.0
M00161,2022-05-16,7199.0,1,116.0
M00953,2023-06-26,15340.0,0,72.0
M00908,2023-04-03,2662.0,1,10.0
M00357,2022-06-20,7777.0,0,127.0
M00637,2022-01-24,17769.0,3,128.0
M00805,2022-10-10,10686.0,3,8.0
M00143,2023-03-13,4194.0,2,24.0
M00785,2022-11-28,3731.0,2,103.0
M00549,2023-01-16,13825.0,1,14.0
M00947,2023-11-06,6427.0,2,57.0
M00413,2022-01-10,19159.0,4,23.0
M00259,2022-06-06,13707.0,4,71.0
M00971,2022-11-28,18825.0,4,115.0
M00666,2023-08-14,5048.0,2,92.0
M00616,2022-04-11,2410.0,0,126.0
M00121,2022-12-19,10300.0,1,17.0
M00813,2022-06-13,9669.0,1,62.0
M00646,2022-05-16,16756.0,1,110.0
M00099,2023-01-23,7868.0,0,83.0
M00216,2022-09-19,10078.0,2,42.0
M00755,2022-06-20,12651.0,0,7.0
M00743,2023-08-21,3726.0,3,132.0
M00738,2022-12-26,2483.0,0,79.0
M00438,2022-12-19,8963.0,2,26.0
M00472,2022-11-21,19723.0,0,125.0
M00403,2023-04-17,2606.0,2,62.0
M00013,2023-07-10,7261.0,0,132.0
M00313,2023-03-20,12629.0,0,66.0
M00235,2022-10-24,8930.0,1,51.0
M00841,2023-05-08,14022.0,1,80.0
M00083,2023-09-04,10626.0,1,82.0
M00243,2023-11-13,3817.0,2,131.0
M00736,2023-01-30,6721.0,4,76.0
M00341,2022-09-26,19335.0,4,40.0
M00224,2022-07-18,4806.0,4,34.0
M00185,2022-06-27,11067.0,4,56.0
M00686,2022-04-04,16353.0,2,52.0
M00780,2023-03-20,6780.0,1,29.0
M00413,2022-11-21,5294.0,1,122.0
M00097,2022-05-16,8865.0,1,101.0
M00321,2022-02-14,16579.0,2,134.0
M00817,2023-07-24,13609.0,0,136.0
M00127,2023-05-29,6217.0,3,148.0
M00900,2023-10-16,,2,100.0
M00973,2023-04-10,9493.0,0,21.0
M00215,2023-01-02,4887.0,1,61.0
M00540,2023-03-27,11324.0,1,30.0
M00491,2022-07-25,19529.0,4,131.0
M00050,2023-04-03,4118.0,4,9.0
M00268,2022-04-11,19582.0,0,29.0
M00083,2023-06-05,13738.0,3,134.0
M00244,2023-10-30,3744.0,0,142.0
M00225,2023-05-01,11951.0,0,146.0
M00530,2023-05-01,13356.0,3,73.0
M00738,2023-10-02,13672.0,0,90.0
M00990,2023-01-30,19375.0,0,2.0
M00363,2022-06-20,2586.0,2,98.0
M00111,2022-06-06,5486.0,3,51.0
M00367,2022-03-21,6774.0,1,123.0
M00390,2022-11-28,18096.0,4,87.0
M00324,2022-03-07,,1,12.0
M00588,2022-04-25,6186.0,1,43.0
M00023,2022-12-26,10056.0,4,16.0
M00156,2022-01-10,17723.0,4,74.0
M00203,2023-02-20,5193.0,0,144.0
M00732,2023-01-30,12598.0,3,51.0
M00552,2023-07-17,7984.0,4,82.0
M00098,2023-05-22,6041.0,3,70.0
M00304,2022-11-21,4752.0,0,146.0
M00162,2023-05-08,18802.0,1,123.0
M00725,2022-03-28,15389.0,4,33.0
M00996,2023-05-29,9749.0,4,105.0
M00604,2022-05-30,19194.0,0,28.0
M00702,2022-07-11,9654.0,3,135.0
M00442,2023-01-16,4774.0,3,67.0
M00674,2022-12-12,7785.0,2,91.0
M00057,2023-06-26,18081.0,1,51.0
M00745,2022-05-09,8943.0,2,74.0
M00541,2022-01-03,6398.0,3,81.0
M00858,2023-09-25,3975.0,2,84.0
M00717,2023-04-17,16425.0,3,
M00636,2023-01-23,12801.0,4,57.0
M00436,2023-09-04,14489.0,0,60.0
M00354,2022-04-04,11883.0,2,95.0
M00467,2023-03-20,7214.0,4,16.0
M00520,2023-12-04,9758.0,4,80.0
M00861,2023-08-28,19209.0,0,14.0
M00107,2023-04-24,14284.0,0,102.0
M00872,2023-08-07,18813.0,4,138.0
M00912,2022-05-30,5913.0,4,82.0
M00604,2023-12-25,5721.0,2,95.0
M00670,2022-10-31,3381.0,2,69.0
M00343,2022-12-05,16127.0,1,81.0
M00861,2023-11-20,3755.0,1,120.0
M00084,2022-09-05,12941.0,4,12.0
M00849,2023-04-24,16449.0,1,118.0
M00410,2023-11-06,5671.0,4,7.0
M00953,2023-09-04,17685.0,0,25.0
M00039,2022-08-22,15608.0,0,112.0
M00033,2022-09-12,4911.0,2,141.0
M00846,2023-09-11,7893.0,3,133.0
M00799,2022-12-19,3418.0,4,143.0
M00720,2022-09-12,6482.0,2,33.0
M00789,2022-06-20,7063.0,1,39.0
M00995,2023-08-21,4030.0,4,139.0
M00178,2022-01-31,19362.0,2,128.0
M00384,2022-02-21,19145.0,1,28.0
M00979,2023-01-02,7906.0,4,81.0
M00902,2022-07-04,17624.0,2,143.0
M00700,2023-02-27,18518.0,3,98.0
M00215,2023-11-20,4620.0,2,136.0
M00858,2023-03-27,4573.0,4,107.0
M00201,2023-08-07,15717.0,1,38.0
M00397,2023-05-08,8587.0,4,5.0
M00826,2022-11-07,17398.0,4,89.0
M00684,2022-01-17,8344.0,2,80.0
M00207,2023-02-27,13444.0,4,87.0
M00288,2022-12-12,18764.0,0,73.0
M00571,2022-11-28,12008.0,3,58.0
M00871,2023-05-22,15485.0,1,2.0
M00236,2022-11-21,13582.0,3,146.0
M00593,2022-04-04,19522.0,2,24.0
M00429,2022-05-09,18525.0,2,83.0
M00951,2023-09-25,6623.0,0,123.0
M00989,2023-03-06,7267.0,2,62.0
M00689,2022-02-07,19908.0,2,49.0
M00829,2022-02-14,15698.0,2,135.0
M00552,2023-12-04,8403.0,3,119.0
M00082,2023-09-18,15248.0,0,100.0
M00162,2022-03-28,4055.0,4,41.0
M00113,2023-12-04,5375.0,1,62.0
M00601,2022-11-14,16590.0,0,104.0
M00524,2022-08-15,5374.0,3,58.0
M00493,2023-11-06,14062.0,4,94.0
M00399,2022-10-10,8239.0,4,89.0
M00875,2023-05-22,14409.0,1,87.0
M00472,2023-07-03,14316.0,4,50.0
M00265,2023-04-24,9338.0,0,132.0
M00744,2022-07-18,18417.0,4,51.0
M00916,2022-02-14,17547.0,3,139.0
M00089,2023-10-23,3544.0,4,101.0
M00367,2023-01-09,12372.0,3,119.0
M00216,2023-11-13,18911.0,4,51.0
M00561,2022-03-14,5258.0,1,107.0
M00986,2022-10-17,8327.0,0,75.0
M00270,2023-07-31,19279.0,3,130.0
M00901,2022-01-31,7513.0,4,78.0
M00894,2023-08-28,7080.0,2,94.0
M00816,2022-11-21,3526.0,2,148.0
M00825,2022-01-10,2603.0,0,118.0
M00861,2022-10-24,10994.0,3,84.0
M00572,2022-01-24,3085.0,1,
M00456,2023-07-17,18526.0,1,11.0
M00337,2023-10-23,11577.0,0,47.0
M00758,2023-03-13,14410.0,1,100.0
M00299,2023-02-13,11713.0,4,73.0
M00214,2022-07-25,7234.0,0,28.0
M00594,2022-01-10,2753.0,3,8.0
M00859,2023-09-04,16700.0,1,31.0
M00064,2023-05-29,6359.0,4,140.0
M00770,2023-10-02,19644.0,1,109.0
M00769,2022-10-24,3533.0,0,74.0
M00630,2023-10-30,3594.0,0,97.0
M00832,2023-11-06,5920.0,1,53.0
M00489,2022-05-02,5246.0,0,123.0
M00328,2022-06-13,19979.0,2,115.0
M00853,2022-09-12,5240.0,0,94.0
M00536,2022-07-25,9219.0,3,11.0
M00386,2023-04-24,5299.0,1,34.0
M00748,2023-02-13,4379.0,2,112.0
M00315,2022-06-06,4935.0,1,3.0
M00614,2022-07-25,9500.0,0,44.0
M00988,2023-04-17,2098.0,2,48.0
M00418,2022-10-10,17428.0,1,126.0
M00312,2022-12-19,9158.0,0,145.0
M00460,2023-09-04,7386.0,0,45.0
M00370,2023-04-10,19981.0,1,
M00005,2022-04-11,17499.0,1,14.0
M00109,2023-01-23,7520.0,1,57.0
M00892,2023-03-27,17770.0,2,84.0
M00183,2023-05-29,5181.0,2,124.0
M00631,2023-09-18,11047.0,3,40.0
M00292,2023-01-16,7939.0,2,56.0
M00840,2023-06-12,5973.0,0,24.0
M00862,2023-03-27,7446.0,2,43.0
M00695,2022-01-10,3973.0,1,140.0
M00650,2022-03-14,100000.0,1,53.0
M00085,2023-06-12,14366.0,2,26.0
M00174,2023-10-02,18296.0,0,7.0
M00564,2023-11-06,19083.0,3,119.0
M00958,2022-10-17,16788.0,1,76.0
M00738,2022-01-17,9852.0,4,83.0
M00738,2022-10-10,8777.0,3,4.0
M00644,2022-12-05,2676.0,4,58.0
M00184,2023-07-31,10413.0,4,18.0
M00267,2023-07-24,15058.0,4,64.0
M00470,2022-09-12,8730.0,1,67.0
M00105,2023-10-02,8089.0,1,65.0
M00178,2023-10-23,6829.0,4,32.0
M00701,2022-02-14,7341.0,4,134.0
M00663,2022-09-19,12844.0,3,4.0
M00382,2023-02-06,2120.0,1,136.0
M00113,2022-01-31,18025.0,4,140.0
M00994,2023-02-27,5450.0,0,47.0
M00286,2023-07-31,13398.0,1,45.0
M00123,2023-06-19,13123.0,1,63.0
M00985,2022-09-26,18354.0,0,28.0
M00088,2022-07-11,12314.0,4,17.0
M00537,2023-01-30,7730.0,2,
M00542,2022-01-10,13588.0,1,8.0
M00679,2023-05-01,9439.0,4,0.0
M00976,2023-07-03,4122.0,0,38.0
M00586,2022-07-11,17253.0,0,54.0
M00991,2022-09-12,4308.0,1,51.0
M00892,2023-09-11,5283.0,0,63.0
M00907,2023-10-30,10989.0,0,23.0
M00585,2023-01-16,13748.0,4,26.0
M00420,2023-12-04,19951.0,0,114.0
M00624,2023-11-27,2363.0,2,65.0
M00723,2023-10-16,16402.0,4,118.0
M00692,2023-09-04,10170.0,4,
M00517,2023-07-24,18766.0,1,143.0
M00844,2022-01-03,14522.0,4,139.0
M00714,2022-01-17,17371.0,1,39.0
M00256,2023-05-08,7156.0,0,9.0
M00654,2023-11-06,13945.0,3,54.0
M00916,2023-08-14,12413.0,2,78.0
M00532,2022-04-04,9392.0,2,88.0
M00940,2022-11-28,4202.0,0,3.0
M00100,2022-09-12,18902.0,3,126.0
M00281,2022-01-17,18619.0,4,22.0
M00169,2022-12-05,6393.0,3,100.0
M00366,2023-12-04,19651.0,4,48.0
M00383,2023-01-23,11707.0,4,105.0
M00325,2023-09-11,18026.0,4,3.0
M00233,2023-02-20,12537.0,3,128.0
M00091,2023-11-06,12169.0,0,130.0
M00770,2022-03-28,15352.0,4,56.0
M00908,2023-01-02,11480.0,0,58.0
M00028,2022-12-12,5179.0,4,111.0
M00044,2023-11-06,7345.0,0,117.0
M00653,2023-10-09,3197.0,0,17.0
M00597,2022-05-09,8481.0,0,148.0
M00811,2022-06-27,3628.0,1,55.0
M00311,2023-01-02,14408.0,3,125.0
M00904,2023-01-30,17546.0,4,135.0
M00892,2022-09-19,11743.0,4,24.0
M00832,2022-02-28,4988.0,1,119.0
M00373,2022-11-14,10735.0,0,69.0
M00780,2023-10-16,17454.0,0,39.0
M00297,2023-08-21,13369.0,4,83.0
M00044,2022-01-24,2993.0,2,82.0
M00011,2023-05-08,15168.0,4,102.0
M00787,2023-07-24,11723.0,4,98.0
M00381,2022-12-12,5003.0,1,105.0
M00828,2023-05-01,14578.0,0,101.0
M00712,2023-10-09,6426.0,3,67.0
M00923,2022-01-31,5515.0,4,41.0
M00505,2023-05-01,19956.0,4,16.0
M00199,2022-08-22,7653.0,3,147.0
M00469,2023-11-13,2911.0,1,115.0
M00121,2023-03-27,6411.0,2,123.0
M00923,2022-05-02,15353.0,1,43.0
M00014,2022-07-04,16614.0,4,144.0
M00992,2022-03-07,13503.0,1,26.0
M00477,2023-12-18,9013.0,3,57.0
M00408,2022-01-10,18539.0,1,91.0
M00576,2023-07-31,11120.0,4,100.0
M00732,2023-09-25,8887.0,3,93.0
M00664,2023-02-27,13673.0,3,141.0
M00758,2022-05-30,12227.0,4,135.0
M00898,2022-03-07,7456.0,4,45.0
M00948,2023-02-13,8898.0,4,69.0
M00095,2023-09-25,,2,134.0
M00268,2022-03-21,11069.0,4,25.0
M00193,2023-03-13,13187.0,1,29.0
M00444,2022-04-11,19498.0,0,5.0
M00058,2023-03-13,19703.0,2,66.0
M00981,2023-03-27,13202.0,2,82.0
M00989,2022-09-19,2356.0,0,34.0
M00094,2023-09-04,9165.0,1,34.0
M00298,2022-02-07,16189.0,2,4.0
M00513,2023-10-09,11532.0,2,101.0
M00406,2022-02-07,3019.0,4,5.0
M00362,2022-09-19,8445.0,3,92.0
M00328,2022-11-28,14871.0,2,22.0
M00909,2022-04-11,16954.0,1,58.0
M00206,2023-05-15,11179.0,3,100.0
M00193,2022-07-18,3073.0,0,31.0
M00224,2022-01-10,10552.0,2,0.0
M00038,2023-06-05,14801.0,1,27.0
M00448,2023-05-22,5007.0,0,113.0
M00844,2022-04-18,19253.0,4,28.0
M00820,2023-02-06,,4,146.0
M00493,2023-09-04,19260.0,3,111.0
M00111,2022-08-22,3819.0,0,
M00252,2022-10-24,12623.0,3,18.0
M00848,2022-06-13,2001.0,0,116.0
M00472,2023-12-11,6915.0,0,14.0
M00492,2023-12-11,8171.0,4,104.0
M00596,2022-06-20,4304.0,3,52.0
M00491,2022-10-10,5002.0,4,114.0
M00364,2022-08-15,5057.0,0,6.0
M00160,2022-10-24,9927.0,4,91.0
M00512,2022-04-25,14202.0,3,75.0
M00667,2022-02-14,6880.0,3,89.0
M00098,2023-02-13,14725.0,1,98.0
M00701,2022-07-04,3294.0,4,67.0
M00598,2022-09-05,18862.0,1,33.0
M00574,2022-05-09,7296.0,0,6.0
M00259,2022-04-11,14707.0,4,96.0
M00081,2023-05-01,6877.0,2,139.0
M00894,2023-01-30,5458.0,1,57.0
M00462,2023-11-27,11059.0,3,51.0
M00859,2023-04-24,5461.0,1,121.0
M00359,2023-01-02,3405.0,4,55.0
M00468,2023-04-24,11690.0,1,81.0
M00366,2022-01-10,7653.0,3,2.0
M00095,2022-05-02,18917.0,1,140.0
M00489,2022-08-08,5302.0,1,95.0
M00287,2022-07-18,14996.0,2,62.0
M00733,2022-12-05,13632.0,0,132.0
M00704,2023-08-07,7117.0,3,85.0
M00682,2023-07-31,16088.0,0,114.0
M00570,2023-07-10,13802.0,2,114.0
M00043,2023-06-05,16537.0,4,71.0
M00672,2023-02-20,10067.0,4,51.0
M00158,2022-07-11,13626.0,2,95.0
M00235,2023-08-21,8651.0,4,4.0
M00475,2022-07-04,16824.0,4,99.0
M00851,2023-07-17,14100.0,1,58.0
M00895,2022-02-21,14475.0,1,
M00957,2023-05-15,10954.0,1,79.0
M00412,2022-06-06,19283.0,2,87.0
M00813,2022-08-08,4690.0,4,
M00394,2022-04-11,17382.0,0,51.0
M00144,2023-09-25,7156.0,3,24.0
M00927,2023-04-17,18401.0,4,71.0
M00010,2022-10-03,4907.0,2,55.0
M00511,2023-10-30,15221.0,1,36.0
M00330,2023-01-30,18250.0,3,133.0
M00860,2022-11-21,15649.0,3,147.0
M00268,2023-12-04,16407.0,3,22.0
M00481,2022-03-07,7771.0,0,56.0
M00156,2023-01-23,12141.0,1,117.0
M00530,2023-10-02,3749.0,1,80.0
M00948,2022-12-26,3541.0,1,60.0
M00924,2023-10-30,19852.0,1,54.0
M00284,2023-10-30,15789.0,4,79.0
M00491,2023-03-13,7118.0,3,19.0
M00743,2022-12-19,14406.0,3,2.0
M00960,2023-07-03,17726.0,3,64.0
M00270,2023-05-01,9535.0,2,36.0
M00264,2022-02-28,6572.0,1,123.0
M00478,2023-12-11,6062.0,4,15.0
M00356,2023-10-16,,4,111.0
M00259,2022-10-10,9101.0,2,3.0
M00202,2022-10-03,17436.0,2,2.0
M00137,2022-04-18,12515.0,3,107.0
M00047,2022-06-20,4415.0,3,16.0
M00063,2022-03-07,12769.0,3,97.0
M00936,2022-07-25,12732.0,3,97.0
M00077,2022-02-28,11762.0,3,144.0
M00854,2022-10-03,6197.0,1,23.0
M00633,2023-01-30,6366.0,4,1.0
M00920,2022-11-14,4354.0,1,119.0
M00455,2022-02-14,2956.0,4,13.0
M00013,2022-10-24,10450.0,0,137.0
M00390,2022-11-28,5618.0,0,14.0
M00458,2023-12-25,15233.0,0,36.0
M00691,2023-06-12,19839.0,4,57.0
M00828,2023-01-30,11071.0,2,81.0
M00843,2022-04-25,13463.0,1,55.0
M00669,2022-06-20,15963.0,2,12.0
M00528,2022-02-14,5473.0,4,73.0
M00758,2023-01-16,4993.0,3,92.0
M00468,2022-05-09,10426.0,2,23.0
M00704,2023-07-17,15440.0,4,
M00341,2022-08-08,4511.0,0,73.0
M00055,2023-08-28,7949.0,3,139.0
M00413,2022-08-08,11938.0,0,142.0
M00334,2022-06-27,2533.0,2,2.0
M00311,2023-05-15,5760.0,2,27.0
M00188,2022-05-30,17990.0,1,8.0
M00681,2023-01-16,4695.0,1,29.0
M00720,2023-01-30,13115.0,4,56.0
M00521,2022-02-21,9151.0,2,22.0
M00006,2022-11-14,11306.0,0,63.0
M00614,2022-01-31,4535.0,1,143.0
M00413,2022-03-21,12115.0,0,119.0
M00658,2022-07-04,17449.0,4,29.0
M00280,2023-08-07,19854.0,0,45.0
M00051,2022-03-14,15466.0,0,100.0
M00785,2022-09-05,5798.0,3,79.0
M00228,2022-12-26,3897.0,4,91.0
M00277,2022-01-10,14426.0,1,117.0
M00595,2023-05-29,12281.0,3,147.0
M00318,2023-05-08,3492.0,2,108.0
M00983,2022-03-21,12437.0,2,55.0
M00347,2023-01-16,17590.0,1,36.0
M00117,2023-07-10,6468.0,4,125.0
M00075,2022-08-01,8554.0,2,125.0
M00474,2023-09-25,3236.0,2,127.0
M00373,2022-08-08,5348.0,2,92.0
M00310,2023-03-20,,4,82.0
M00907,2023-12-25,13959.0,2,42.0
M00171,2023-09-25,6316.0,1,35.0
M00726,2023-02-13,12814.0,1,118.0
M00889,2022-06-20,6649.0,1,144.0
M00723,2023-12-25,,3,144.0
M00904,2023-04-24,18025.0,1,143.0
M00663,2023-04-17,10135.0,0,50.0
M00240,2022-10-31,7841.0,2,115.0
M00633,2022-10-24,19332.0,1,22.0
M00821,2022-04-11,2452.0,4,
M00727,2022-03-28,2004.0,4,31.0
M00808,2023-11-06,2136.0,4,65.0
M00777,2023-04-24,10984.0,3,103.0
M00152,2023-05-01,16501.0,4,69.0
M00844,2022-11-07,15959.0,3,114.0
M00076,2022-06-20,11855.0,2,5.0
M00736,2022-06-20,9232.0,0,44.0
M00642,2022-03-07,,4,32.0
M00251,2023-03-06,17487.0,4,4.0
M00838,2022-03-21,13857.0,3,55.0
M00260,2023-04-10,10787.0,3,27.0
M00317,2022-07-18,11717.0,0,134.0
M00717,2023-10-09,6796.0,1,58.0
M00126,2022-10-24,2722.0,3,146.0
M00704,2023-09-04,13238.0,0,61.0
M00548,2023-09-04,15128.0,2,42.0
M00553,2023-09-11,11339.0,4,49.0
M00359,2022-09-12,6108.0,4,119.0
M00166,2023-04-24,3208.0,0,101.0
M00338,2022-03-14,18633.0,0,37.0
M00655,2022-10-03,15950.0,4,144.0
M00816,2023-03-13,18630.0,3,26.0
M00353,2022-05-30,18079.0,1,126.0
M00746,2022-04-11,17160.0,2,6.0
M00414,2022-02-28,9787.0,1,37.0
M00740,2023-05-01,14415.0,1,120.0
M00703,2023-03-20,5741.0,1,50.0
M00025,2023-09-18,12179.0,4,107.0
M00772,2022-02-07,11564.0,1,102.0
M00530,2023-10-30,5307.0,3,142.0
M00941,2022-10-24,8777.0,3,143.0
M00632,2022-05-16,16709.0,3,96.0
M00502,2023-11-20,11448.0,0,10.0
M00353,2022-10-24,7018.0,2,95.0
M00596,2023-03-06,13232.0,3,91.0
M00490,2023-04-10,7125.0,1,126.0
M00725,2023-07-24,10031.0,0,147.0
M00449,2023-11-20,19611.0,4,28.0
M00482,2022-12-26,3531.0,3,15.0
M00329,2023-05-29,8742.0,1,93.0
M00577,2023-11-27,6252.0,1,144.0
M00367,2023-10-16,18770.0,4,36.0
M00539,2022-06-27,5680.0,0,76.0
M00719,2023-10-16,15531.0,1,17.0
M00088,2022-08-01,9275.0,2,70.0
M00956,2023-01-16,8291.0,3,123.0
M00955,2023-04-17,7177.0,0,138.0
M00409,2023-01-30,,3,18.0
M00930,2022-06-13,10688.0,3,69.0
M00236,2023-03-27,17913.0,4,115.0
M00050,2022-06-27,15669.0,2,52.0
M00183,2022-12-05,19891.0,2,9.0
M00394,2023-10-09,18145.0,4,0.0
M00990,2022-09-19,4752.0,3,0.0
M00877,2022-09-05,11848.0,2,46.0
M00745,2023-01-09,4301.0,3,102.0
M00186,2022-02-28,11980.0,0,137.0
M00089,2022-10-17,14603.0,4,135.0
M00899,2023-10-30,11513.0,4,52.0
M00086,2023-12-04,5834.0,2,105.0
M00616,2023-12-25,11382.0,0,3.0
M00622,2023-07-24,5684.0,3,48.0
M00120,2022-06-13,14689.0,2,111.0
M00088,2022-10-03,4435.0,3,117.0
M00056,2023-07-24,15407.0,0,74.0
M00155,2023-12-18,3481.0,1,64.0
M00090,2022-02-21,18157.0,2,83.0
M00912,2023-12-18,16513.0,2,33.0
M00294,2023-01-09,4801.0,4,96.0
M00361,2022-03-14,9906.0,1,13.0
M00949,2023-11-20,4860.0,2,75.0
M00708,2023-09-04,9454.0,3,0.0
M00535,2023-06-19,7677.0,0,7.0
M00595,2023-10-23,11440.0,1,145.0
M00696,2023-01-23,9172.0,4,132.0
M00719,2023-10-16,12758.0,4,126.0
M00735,2022-07-18,6409.0,3,127.0
M00088,2022-10-17,13054.0,0,66.0
M00971,2022-02-07,2859.0,4,149.0
M00053,2022-01-17,13540.0,4,133.0
M00714,2023-10-02,19384.0,0,87.0
M00712,2023-05-29,4202.0,1,
M00707,2023-11-13,17260.0,2,120.0
M00403,2023-03-27,10585.0,2,34.0
M00516,2022-03-21,5143.0,0,126.0
M00925,2022-09-05,2648.0,0,35.0
M00941,2023-01-23,2857.0,0,123.0
M00873,2022-12-26,3585.0,3,0.0
M00533,2022-08-08,8244.0,3,86.0
M00822,2023-01-23,8721.0,0,90.0
M00244,2022-03-14,17089.0,3,66.0
M00638,2022-01-03,19649.0,2,76.0
M00877,2022-02-07,15427.0,0,2.0
M00713,2023-09-25,7424.0,2,25.0
M00052,2023-07-03,13301.0,2,2.0
M00243,2023-05-29,8838.0,3,55.0
M00402,2022-06-13,9693.0,4,27.0
M00723,2023-05-15,13348.0,4,29.0
M00657,2023-07-17,15555.0,1,86.0
M00556,2022-06-13,14065.0,1,145.0
M00619,2023-06-19,18532.0,4,4.0
M00664,2022-02-28,4686.0,0,85.0
M00113,2023-02-13,19315.0,4,108.0
M00902,2023-05-01,4023.0,3,60.0
M00223,2023-10-09,3342.0,4,0.0
M00667,2022-06-06,2297.0,0,63.0
M00431,2023-08-21,8064.0,0,141.0
M00994,2023-08-14,8214.0,1,40.0
M00174,2022-04-25,8793.0,1,72.0
M00347,2023-11-13,10468.0,0,121.0
M00347,2023-09-18,7071.0,2,58.0
M00675,2022-06-20,12814.0,1,36.0
M00185,2022-09-19,8220.0,3,49.0
M00396,2022-01-17,14158.0,2,13.0
M00285,2023-04-10,18612.0,3,142.0
M00313,2022-04-04,12653.0,3,24.0
M00198,2022-03-07,10158.0,0,91.0
M00567,2023-04-03,3734.0,2,7.0
M00933,2023-05-08,12269.0,1,121.0
M00071,2022-04-04,14305.0,0,141.0
M00710,2023-07-17,12262.0,4,83.0
M00565,2022-03-07,14012.0,1,41.0
M00467,2023-11-20,9415.0,4,12.0
M00526,2022-12-05,19768.0,0,18.0
M00498,2023-09-25,7917.0,3,33.0
M00533,2023-03-06,9111.0,3,100.0
M00462,2022-11-28,16795.0,2,
M00872,2022-01-17,2582.0,1,54.0
M00526,2022-11-21,14198.0,4,96.0
M00821,2023-02-20,9529.0,4,132.0
M00115,2022-06-20,18084.0,2,42.0
M00864,2022-02-14,12206.0,1,103.0
M00730,2023-06-19,16342.0,3,16.0
M00383,2022-09-26,4775.0,0,88.0
M00195,2022-10-24,15379.0,2,68.0
M00207,2022-11-14,4477.0,0,14.0
M00853,2023-09-11,8690.0,0,41.0
M00862,2022-10-24,19763.0,2,142.0
M00432,2022-07-18,9798.0,4,55.0
M00505,2023-07-31,5105.0,1,81.0
M00462,2023-12-18,8023.0,4,33.0
M00111,2023-08-21,6957.0,3,117.0
M00440,2023-04-03,9508.0,1,68.0
M00679,2023-08-21,15715.0,2,19.0
M00613,2023-11-20,9776.0,2,141.0
M00169,2023-11-13,18182.0,2,67.0
M00432,2023-04-24,9173.0,0,40.0
M00668,2022-07-04,6431.0,2,49.0
M00258,2023-07-24,9844.0,3,46.0
M00790,2022-01-17,18776.0,3,125.0
M00455,2023-01-23,4015.0,2,56.0
M00748,2023-03-20,12788.0,1,131.0
M00640,2022-05-23,5321.0,3,5.0
M00352,2022-06-13,2246.0,1,142.0
M00123,2023-09-18,6060.0,1,108.0
M00701,2022-05-16,8207.0,1,81.0
M00848,2022-12-26,4782.0,2,80.0
M00292,2022-03-28,14930.0,0,99.0
M00962,2023-05-01,3834.0,2,106.0
M00337,2023-09-18,17896.0,3,88.0
M00817,2022-10-24,17721.0,3,114.0
M00771,2023-10-16,4233.0,3,76.0
M00279,2023-06-26,10210.0,3,31.0
M00955,2022-09-12,5817.0,0,146.0
M00869,2023-12-11,5814.0,1,30.0
M00231,2022-07-25,10319.0,2,43.0
M00668,2022-04-11,12554.0,3,26.0
M00109,2023-07-31,13738.0,1,128.0
M00873,2023-06-05,13415.0,2,149.0
M00840,2023-08-07,17778.0,0,135.0
M00545,2022-06-20,4558.0,4,68.0
M00126,2022-09-19,16807.0,0,23.0
M00580,2022-10-24,19144.0,4,123.0
M00757,2022-07-25,10893.0,3,32.0
M00327,2022-10-03,15790.0,1,139.0
M00267,2023-02-13,8647.0,1,3.0
M00488,2022-06-06,4303.0,2,63.0
M00648,2022-10-31,13548.0,4,59.0
M00276,2023-07-17,15452.0,4,136.0
M00062,2022-01-03,13500.0,2,41.0
M00171,2023-06-26,13681.0,1,52.0
M00615,2023-12-18,7921.0,1,59.0
M00092,2023-07-24,18298.0,2,105.0
M00075,2022-10-10,9100.0,4,141.0
M00626,2023-03-06,9016.0,3,50.0
M00121,2023-02-20,9957.0,2,120.0
M00726,2023-07-10,14594.0,1,64.0
M00484,2022-03-07,16595.0,3,21.0
M00710,2023-05-22,14028.0,3,21.0
M00263,2023-06-26,4224.0,4,126.0
M00138,2023-04-03,5276.0,2,23.0
M00168,2023-01-30,10391.0,3,29.0
M00516,2022-10-17,18817.0,0,39.0
M00201,2023-01-09,16844.0,3,80.0
M00102,2023-08-14,14048.0,3,137.0
M00019,2022-10-17,19671.0,3,32.0
M00366,2023-04-03,3884.0,2,71.0
M00481,2023-05-01,6181.0,4,4.0
M00422,2022-03-14,6417.0,4,61.0
M00534,2023-04-10,8401.0,0,19.0
M00359,2022-03-14,8160.0,0,118.0
M00641,2022-01-24,12716.0,3,119.0
M00881,2023-07-03,7483.0,3,42.0
M00949,2023-09-18,17608.0,3,66.0
M00149,2023-11-27,17813.0,0,63.0
M00497,2023-07-03,8762.0,4,101.0
M00391,2022-12-05,11139.0,0,45.0
M00750,2022-05-30,13052.0,4,142.0
M00007,2022-09-12,19152.0,0,26.0
M00982,2022-03-07,17154.0,4,22.0
M00333,2022-05-16,18778.0,0,7.0
M00023,2023-10-30,19280.0,4,123.0
M00956,2023-05-22,17408.0,2,143.0
M00982,2022-12-12,10557.0,2,108.0
M00090,2022-08-01,6912.0,1,62.0
M00530,2022-10-31,7801.0,4,136.0
M00885,2023-12-25,10795.0,4,146.0
M00583,2022-08-01,9088.0,4,
M00066,2023-10-02,9436.0,1,111.0
M00053,2023-06-05,9005.0,0,24.0
M00403,2023-11-27,6791.0,2,23.0
M00704,2022-10-10,3657.0,1,38.0
M00142,2022-01-24,4743.0,2,100.0
M00025,2022-04-04,7386.0,3,97.0
M00762,2022-11-14,17046.0,1,19.0
M00033,2023-01-09,5990.0,1,4.0
M00688,2023-10-09,,2,122.0
M00551,2023-10-02,12414.0,4,19.0
M00378,2023-09-11,14788.0,3,
M00368,2023-08-28,19729.0,2,124.0
M00212,2022-08-15,2875.0,1,147.0
M00876,2022-07-25,4415.0,4,5.0
M00133,2022-02-28,17326.0,3,25.0
M00625,2022-09-19,17932.0,4,132.0
M00149,2023-09-11,10967.0,2,3.0
M00827,2023-07-24,6504.0,4,90.0
M00376,2022-10-24,15981.0,1,137.0
M00077,2022-02-14,2407.0,1,90.0
M00526,2023-09-04,8909.0,0,7.0
M00959,2022-10-03,18691.0,3,125.0
M00566,2023-08-14,12300.0,2,115.0
M00765,2023-03-06,10268.0,4,98.0
M00976,2023-01-16,14217.0,1,27.0
M00685,2022-08-29,6046.0,0,136.0
M00498,2022-10-24,18748.0,2,144.0
M00946,2022-03-14,14936.0,1,123.0
M00681,2022-01-10,6135.0,2,32.0
M00092,2023-07-03,16978.0,1,55.0
M00383,2023-07-03,16919.0,2,
M00641,2022-01-31,14613.0,1,112.0
M00508,2022-10-03,10916.0,4,36.0
M00130,2023-07-10,10280.0,3,12.0
M00072,2022-11-14,3606.0,1,39.0
M00767,2022-05-23,,2,102.0
M00653,2022-02-28,15113.0,1,54.0
M00998,2023-05-08,,0,13.0
M00403,2022-07-04,6530.0,4,7.0
M00511,2022-04-25,9877.0,0,138.0
M00819,2023-04-03,4655.0,2,68.0
M00126,2023-12-25,2318.0,1,44.0
M00763,2022-06-27,16354.0,1,65.0
M00505,2023-05-15,17002.0,0,29.0
M00514,2022-11-07,5165.0,3,76.0
M00479,2023-01-16,9537.0,4,123.0
M00010,2022-10-03,,1,37.0
M00453,2022-04-18,13236.0,1,103.0
M00471,2023-08-07,3546.0,2,80.0
M00374,2023-10-30,14392.0,0,142.0
M00798,2022-08-08,6828.0,2,61.0
M00736,2022-08-29,2987.0,4,96.0
M00065,2023-03-20,14929.0,1,29.0
M00109,2023-03-20,8289.0,0,6.0
M00300,2022-04-11,12753.0,0,38.0
M00042,2022-10-17,15744.0,0,15.0
M00259,2022-12-12,18758.0,4,52.0
M00623,2022-08-08,15047.0,3,77.0
M00414,2022-07-25,15206.0,3,121.0
M00933,2023-07-31,2499.0,3,94.0
M00028,2022-06-13,4392.0,2,27.0
M00563,2023-04-03,6524.0,2,87.0
M00371,2022-05-23,7151.0,4,114.0
M00213,2022-10-17,4033.0,0,138.0
M00637,2023-07-10,6882.0,3,34.0
M00781,2023-12-25,5863.0,1,138.0
M00552,2023-12-18,12857.0,3,16.0
M00154,2023-11-27,17005.0,4,54.0
M00872,2023-02-06,5412.0,3,81.0
M00158,2022-01-10,11876.0,1,25.0
M00920,2022-04-18,2303.0,1,46.0
M00294,2023-10-09,2449.0,1,25.0
M00361,2022-02-14,2533.0,4,56.0
M00366,2023-01-16,12807.0,3,119.0
M00453,2022-04-11,4471.0,4,78.0
M00784,2022-06-06,8181.0,1,25.0
M00622,2023-04-24,10082.0,3,40.0
M00234,2022-01-03,13969.0,2,146.0
M00823,2023-04-24,12097.0,4,0.0
M00177,2022-03-28,12454.0,2,33.0
M00639,2022-06-27,5758.0,2,101.0
M00592,2022-12-26,19336.0,0,87.0
M00052,2022-03-28,14029.0,1,87.0
M00817,2023-10-30,14844.0,2,64.0
M00448,2023-01-16,8358.0,4,
M00816,2022-07-18,13291.0,1,3.0
M00330,2022-05-02,16651.0,1,141.0
M00594,2022-01-10,2913.0,4,20.0
M00806,2022-07-04,5279.0,3,63.0
M00785,2022-12-12,9960.0,4,101.0
M00553,2022-10-17,15820.0,3,68.0
M00822,2023-04-10,4022.0,1,9.0
M00296,2023-10-16,7760.0,4,98.0
M00799,2022-03-07,18358.0,2,31.0
M00346,2022-02-28,2950.0,4,72.0
M00154,2022-01-17,17078.0,2,142.0
M00232,2023-08-21,11054.0,2,2.0
M00332,2022-09-19,15478.0,1,103.0
M00146,2023-06-05,11822.0,3,34.0
M00482,2023-05-01,10779.0,3,114.0
M00803,2023-04-24,17256.0,2,53.0
M00379,2022-07-25,13670.0,3,85.0
M00376,2022-04-04,10874.0,4,111.0
M00971,2022-01-10,19711.0,2,83.0
M00568,2023-11-06,13483.0,2,100.0
M00885,2023-12-04,15792.0,0,82.0
M00030,2022-02-21,10485.0,4,97.0
M00429,2023-05-29,11049.0,3,34.0
M00498,2023-08-14,13031.0,3,98.0
M00587,2023-07-31,6349.0,0,112.0
M00494,2023-11-20,17492.0,4,122.0
M00564,2022-05-02,19296.0,1,143.0
M00196,2023-05-08,12510.0,1,80.0
M00823,2022-03-28,9873.0,4,87.0
M00740,2022-11-14,13233.0,3,68.0
M00138,2023-01-09,12003.0,1,149.0
M00694,2022-03-21,10861.0,1,11.0
M00802,2022-10-03,11103.0,3,92.0
M00191,2023-09-04,3722.0,4,57.0
M00671,2023-07-24,9299.0,0,38.0
M00704,2022-09-19,7416.0,4,5.0
M00480,2022-03-21,100000.0,0,7.0
M00178,2023-04-10,11803.0,4,69.0
M00412,2022-06-20,7639.0,1,54.0
M00363,2022-08-29,18279.0,2,93.0
M00549,2022-04-18,7738.0,2,60.0
M00736,2022-11-07,8461.0,3,82.0
M00672,2022-03-28,11785.0,4,93.0
M00721,2022-06-13,19734.0,4,137.0
M00994,2023-06-12,14148.0,3,47.0
M00803,2022-01-10,2173.0,3,65.0
M00249,2023-09-18,10550.0,0,109.0
M00697,2022-03-07,11881.0,0,106.0
M00999,2022-05-09,11001.0,2,119.0
M00445,2023-08-21,16903.0,1,27.0
M00341,2022-06-13,2942.0,4,33.0
M00800,2023-09-18,6529.0,2,56.0
M00738,2023-02-27,2428.0,2,66.0
M00226,2022-01-31,13843.0,1,25.0
M00008,2023-07-10,17659.0,2,149.0
M00976,2023-12-04,3944.0,2,106.0
M00931,2022-08-22,4355.0,1,36.0
M00535,2023-12-11,15969.0,2,130.0
M00982,2023-10-02,5228.0,4,89.0
M00735,2023-03-20,6263.0,3,63.0
M00349,2022-03-21,7555.0,1,107.0
M00166,2023-02-13,13067.0,3,103.0
M00275,2022-05-23,17333.0,4,57.0
M00950,2023-10-30,13432.0,2,139.0
M00813,2023-09-11,6043.0,2,85.0
M00548,2023-06-26,18142.0,2,51.0
M00689,2022-11-21,9679.0,3,10.0
M00700,2023-01-02,2568.0,0,8.0
M00312,2023-11-20,4210.0,3,132.0
M00969,2023-05-22,10025.0,0,69.0
M00832,2023-10-16,9124.0,3,70.0
M00830,2023-10-09,2343.0,4,109.0
M00227,2022-09-26,17385.0,3,145.0
M00059,2022-08-01,13319.0,3,64.0
M00769,2023-06-26,14830.0,1,111.0
M00097,2023-07-17,15341.0,2,78.0
M00721,2023-09-11,4583.0,2,53.0
M00249,2022-11-14,2153.0,2,136.0
M00986,2023-01-30,13109.0,0,70.0
M00845,2022-09-12,13120.0,4,136.0
M00261,2022-07-04,12107.0,0,138.0
M00403,2023-07-24,14619.0,1,130.0
M00058,2022-07-18,9444.0,1,4.0
M00057,2022-05-02,12646.0,3,149.0
M00682,2022-01-24,7403.0,1,
M00073,2023-08-07,12832.0,1,106.0
M00390,2022-01-03,12682.0,4,25.0
M00853,2022-06-13,5252.0,1,66.0
M00534,2022-10-17,7940.0,3,126.0
M00053,2023-02-20,14449.0,2,121.0
M00569,2022-06-13,5547.0,0,135.0
M00894,2023-01-23,11576.0,0,23.0
M00103,2023-04-24,14417.0,0,12.0
M00112,2023-09-18,9006.0,3,74.0
M00819,2022-05-02,3475.0,4,108.0
M00773,2023-11-27,18043.0,3,141.0
M00918,2023-03-27,6001.0,0,45.0
M00507,2022-03-07,11349.0,3,4.0
M00370,2022-04-25,5934.0,3,140.0
M00647,2023-02-06,17910.0,3,143.0
M00832,2022-08-29,6785.0,2,28.0
M00185,2022-01-24,4520.0,3,18.0
M00026,2022-10-31,6100.0,4,80.0
M00025,2023-09-25,12037.0,2,31.0
M00837,2023-06-05,19161.0,3,45.0
M00928,2023-04-10,13082.0,1,80.0
M00264,2022-07-11,12992.0,0,70.0
M00521,2022-03-14,11821.0,2,68.0
M00822,2022-01-17,3541.0,1,122.0
M00220,2023-11-27,7647.0,0,22.0
M00788,2022-01-17,9739.0,4,122.0
M00452,2022-06-20,14429.0,1,97.0
M00707,2023-06-12,15088.0,4,131.0
M00172,2022-03-21,12743.0,4,129.0
